id,Master_Index_Number,Theater,MsnDate,Day,Month,Year,NAF,Country_Flying_Mission,TGT_Country_Code,Country_Name,Location_Name,Target_Type_Description,Target_ID_Code,TGT_Industry_Code,Target_Industry_Description,Source_Lat,Source_Lon,Lat,Lon,Unit_ID,MDS,Aircraft_name,Msn_Type,Target_Priority,Target_priority_Explanation,Attacking_AC,Altitude,Altitude_Feet,Number_of_HE,Type_of_HE,lbs_HE,Tons_of_HE,Number_of_IC,Type_of_IC,lbs_IC,Tons_of_IC,Number_of_Frag,Type_of_FRAG,lbs_Frag,Tons_of_Frag,Total_lbs,TOTAL_TONS,Source_Launch_Base,Source_Launch_Base_Country,Source_Launch_Base_Lat,Source_Launch_Base_Long,Sortie_Dupe,Total_AC_Lost,Total_AC_Damaged,Airborne_AC,Number_of_AC_Dropping_Bombs,Time_over_Target,Sighting_Method_Code,Sighting_Explanation,BDA,Speed,Callsign,Rounds_Ammo,#_Escort_Planes,Type_of_Escort_Planes,Spares_Return_AC,WX_Fail_AC,Mech_Fail_AC,Misc_Fail_AC,Other_Fail_AC,TONS_LOST__JETTISONED,GE_ICON_Color,GE_Color_Code,GE_icon,KML_Date,NAF_Color_Code,Target_Comment,Mission_Comments,Source,Database_Edit_Comments,Speed__MPH_
210,21448,PTO,00:00.0,16,2,1945,5 AF,USA,NULL,PHILIPPINE ISLANDS,TUGUEGARAO,UNIDENTIFIED TARGET,NULL,NULL,NULL,1740,12145,17.66666667,121.75,547 FS,P61,P61,1,1,NULL,1,NULL,0,0,500 lb GP (GP-M43/M64),NULL,NULL,NULL,,NULL,NULL,NULL,,NULL,NULL,NULL,NULL,NULL,NULL,NULL,NULL,NULL,NULL,NULL,NULL,NULL,NULL,NULL,NULL,NULL,NULL,NULL,NULL,NULL,NULL,NULL,NULL,NULL,NULL,NULL,NULL,NULL,ff999999,http://maps.google.com/mapfiles/kml/shapes/road_shield3.png,NULL,ff0000ff,NULL,NULL,NULL,NULL,NULL
14521,21559,PTO,00:00.0,2,3,1945,5 AF,USA,NULL,PHILIPPINE ISLANDS,TUGUEGARAO,AIRDROME,NULL,NULL,NULL,1740,12145,17.66666667,121.75,547 FS,P61,P61,10,1,NULL,1,NULL,0,0,500 lb GP (GP-M43/M64),NULL,NULL,NULL,,NULL,NULL,NULL,,NULL,NULL,NULL,NULL,NULL,NULL,NULL,NULL,NULL,NULL,NULL,NULL,NULL,NULL,NULL,NULL,NULL,NULL,NULL,NULL,NULL,NULL,NULL,NULL,NULL,NULL,NULL,NULL,NULL,ff999999,http://maps.google.com/mapfiles/kml/shapes/road_shield3.png,NULL,ff0000ff,NULL,NULL,NULL,NULL,NULL
15862,21560,PTO,00:00.0,3,3,1945,5 AF,USA,NULL,PHILIPPINE ISLANDS,TUGUEGARAO,AIRDROME,NULL,NULL,NULL,1740,12145,17.66666667,121.75,547 FS,P61,P61,10,1,NULL,1,NULL,0,0,500 lb GP (GP-M43/M64),NULL,NULL,NULL,,NULL,NULL,NULL,,NULL,NULL,NULL,NULL,NULL,NULL,NULL,NULL,NULL,NULL,NULL,NULL,NULL,NULL,NULL,NULL,NULL,NULL,NULL,NULL,NULL,NULL,NULL,NULL,NULL,NULL,NULL,NULL,NULL,ff999999,http://maps.google.com/mapfiles/kml/shapes/road_shield3.png,NULL,ff0000ff,NULL,NULL,NULL,NULL,NULL
15863,21561,PTO,00:00.0,3,3,1945,5 AF,USA,NULL,PHILIPPINE ISLANDS,TUGUEGARAO,AIRDROME,NULL,NULL,NULL,1740,12145,17.66666667,121.75,547 FS,P61,P61,10,1,NULL,1,NULL,0,0,500 lb GP (GP-M43/M64),NULL,NULL,NULL,,NULL,NULL,NULL,,NULL,NULL,NULL,NULL,NULL,NULL,NULL,NULL,NULL,NULL,NULL,NULL,NULL,NULL,NULL,NULL,NULL,NULL,NULL,NULL,NULL,NULL,NULL,NULL,NULL,NULL,NULL,NULL,NULL,ff999999,http://maps.google.com/mapfiles/kml/shapes/road_shield3.png,NULL,ff0000ff,NULL,NULL,NULL,NULL,NULL
17340,21566,PTO,00:00.0,4,3,1945,5 AF,USA,NULL,PHILIPPINE ISLANDS,TUGUEGARAO,AIRDROME,NULL,NULL,NULL,1740,12145,17.66666667,121.75,547 FS,P61,P61,10,1,NULL,1,NULL,0,0,500 lb GP (GP-M43/M64),NULL,NULL,NULL,,NULL,NULL,NULL,,NULL,NULL,NULL,NULL,NULL,NULL,NULL,NULL,NULL,NULL,NULL,NULL,NULL,NULL,NULL,NULL,NULL,NULL,NULL,NULL,NULL,NULL,NULL,NULL,NULL,NULL,NULL,NULL,NULL,ff999999,http://maps.google.com/mapfiles/kml/shapes/road_shield3.png,NULL,ff0000ff,NULL,NULL,NULL,NULL,NULL
18832,21568,PTO,00:00.0,5,3,1945,5 AF,USA,NULL,PHILIPPINE ISLANDS,TUGUEGARAO,AIRDROME,NULL,NULL,NULL,1740,12145,17.66666667,121.75,547 FS,P61,P61,10,1,NULL,1,NULL,0,0,500 lb GP (GP-M43/M64),NULL,NULL,NULL,,NULL,NULL,NULL,,NULL,NULL,NULL,NULL,NULL,NULL,NULL,NULL,NULL,NULL,NULL,NULL,NULL,NULL,NULL,NULL,NULL,NULL,NULL,NULL,NULL,NULL,NULL,NULL,NULL,NULL,NULL,NULL,NULL,ff999999,http://maps.google.com/mapfiles/kml/shapes/road_shield3.png,NULL,ff0000ff,NULL,NULL,NULL,NULL,NULL
19740,16862,PTO,00:00.0,6,3,1945,5 AF,USA,NULL,PHILIPPINE ISLANDS,GARIT NORTE,AIRDROME,NULL,NULL,NULL,1640,12140,16.66666667,121.6666667,547 FS,P61,P61,10,1,NULL,1,NULL,0,0,500 lb GP (GP-M43/M64),NULL,NULL,NULL,,NULL,NULL,NULL,,NULL,NULL,NULL,NULL,NULL,NULL,NULL,NULL,NULL,NULL,NULL,NULL,NULL,NULL,NULL,NULL,NULL,NULL,NULL,NULL,NULL,NULL,NULL,NULL,NULL,NULL,NULL,NULL,NULL,ff999999,http://maps.google.com/mapfiles/kml/shapes/road_shield3.png,NULL,ff0000ff,NULL,NULL,NULL,NULL,NULL
24333,16851,PTO,00:00.0,10,3,1945,5 AF,USA,NULL,PHILIPPINE ISLANDS,GAMU,AIRSTRIP,NULL,NULL,NULL,1705,12150,17.08333333,121.8333333,547 FS,P61,P61,1,2,NULL,1,NULL,0,0,500 lb GP (GP-M43/M64),NULL,NULL,NULL,,NULL,NULL,NULL,,NULL,NULL,NULL,NULL,NULL,NULL,NULL,NULL,NULL,NULL,NULL,NULL,NULL,NULL,NULL,NULL,NULL,NULL,NULL,NULL,NULL,NULL,NULL,NULL,NULL,NULL,NULL,NULL,NULL,ff999999,http://maps.google.com/mapfiles/kml/shapes/road_shield3.png,NULL,ff0000ff,NULL,NULL,NULL,NULL,NULL
25247,21581,PTO,00:00.0,11,3,1945,5 AF,USA,NULL,PHILIPPINE ISLANDS,TUGUEGARAO,AIRDROME,NULL,NULL,NULL,1740,12145,17.66666667,121.75,547 FS,P61,P61,10,1,NULL,1,NULL,0,0,500 lb GP (GP-M43/M64),NULL,NULL,NULL,,NULL,NULL,NULL,,NULL,NULL,NULL,NULL,NULL,NULL,NULL,NULL,NULL,NULL,NULL,NULL,NULL,NULL,NULL,NULL,NULL,NULL,NULL,NULL,NULL,NULL,NULL,NULL,NULL,NULL,NULL,NULL,NULL,ff999999,http://maps.google.com/mapfiles/kml/shapes/road_shield3.png,NULL,ff0000ff,NULL,NULL,NULL,NULL,NULL
26493,13955,PTO,00:00.0,12,3,1945,5 AF,USA,NULL,PHILIPPINE ISLANDS,APARRI,AIRDROME,NULL,NULL,NULL,1820,12140,18.33333333,121.6666667,547 FS,P61,P61,10,1,NULL,1,NULL,0,0,500 lb GP (GP-M43/M64),NULL,NULL,NULL,,NULL,NULL,NULL,,NULL,NULL,NULL,NULL,NULL,NULL,NULL,NULL,NULL,NULL,NULL,NULL,NULL,NULL,NULL,NULL,NULL,NULL,NULL,NULL,NULL,NULL,NULL,NULL,NULL,NULL,NULL,NULL,NULL,ff999999,http://maps.google.com/mapfiles/kml/shapes/road_shield3.png,NULL,ff0000ff,NULL,NULL,NULL,NULL,NULL
27920,13956,PTO,00:00.0,13,3,1945,5 AF,USA,NULL,PHILIPPINE ISLANDS,APARRI,AIRDROME,NULL,NULL,NULL,1820,12140,18.33333333,121.6666667,547 FS,P61,P61,10,1,NULL,1,NULL,0,0,500 lb GP (GP-M43/M64),NULL,NULL,NULL,,NULL,NULL,NULL,,NULL,NULL,NULL,NULL,NULL,NULL,NULL,NULL,NULL,NULL,NULL,NULL,NULL,NULL,NULL,NULL,NULL,NULL,NULL,NULL,NULL,NULL,NULL,NULL,NULL,NULL,NULL,NULL,NULL,ff999999,http://maps.google.com/mapfiles/kml/shapes/road_shield3.png,NULL,ff0000ff,NULL,NULL,NULL,NULL,NULL
27921,13957,PTO,00:00.0,13,3,1945,5 AF,USA,NULL,PHILIPPINE ISLANDS,APARRI,AIRDROME,NULL,NULL,NULL,1820,12140,18.33333333,121.6666667,547 FS,P61,P61,10,1,NULL,1,NULL,0,0,500 lb GP (GP-M43/M64),NULL,NULL,NULL,,NULL,NULL,NULL,,NULL,NULL,NULL,NULL,NULL,NULL,NULL,NULL,NULL,NULL,NULL,NULL,NULL,NULL,NULL,NULL,NULL,NULL,NULL,NULL,NULL,NULL,NULL,NULL,NULL,NULL,NULL,NULL,NULL,ff999999,http://maps.google.com/mapfiles/kml/shapes/road_shield3.png,NULL,ff0000ff,NULL,NULL,NULL,NULL,NULL
27922,13930,PTO,00:00.0,13,3,1945,5 AF,USA,NULL,PHILIPPINE ISLANDS,APARRI,HIGHWAY,NULL,NULL,NULL,1820,12140,18.33333333,121.6666667,547 FS,P61,P61,10,1,NULL,1,NULL,0,0,500 lb GP (GP-M43/M64),NULL,NULL,NULL,,NULL,NULL,NULL,,NULL,NULL,NULL,NULL,NULL,NULL,NULL,NULL,NULL,NULL,NULL,NULL,NULL,NULL,NULL,NULL,NULL,NULL,NULL,NULL,NULL,NULL,NULL,NULL,NULL,NULL,NULL,NULL,NULL,ff999999,http://maps.google.com/mapfiles/kml/shapes/road_shield3.png,NULL,ff0000ff,NULL,NULL,NULL,NULL,NULL
28928,13958,PTO,00:00.0,14,3,1945,5 AF,USA,NULL,PHILIPPINE ISLANDS,APARRI,AIRDROME,NULL,NULL,NULL,1820,12140,18.33333333,121.6666667,547 FS,P61,P61,10,1,NULL,1,NULL,0,0,500 lb GP (GP-M43/M64),NULL,NULL,NULL,,NULL,NULL,NULL,,NULL,NULL,NULL,NULL,NULL,NULL,NULL,NULL,NULL,NULL,NULL,NULL,NULL,NULL,NULL,NULL,NULL,NULL,NULL,NULL,NULL,NULL,NULL,NULL,NULL,NULL,NULL,NULL,NULL,ff999999,http://maps.google.com/mapfiles/kml/shapes/road_shield3.png,NULL,ff0000ff,NULL,NULL,NULL,NULL,NULL
43981,51128,CBI,00:00.0,24,3,1945,14 AF,USA,NULL,CHINA,SHANHSIEN,FERRY AREA,NULL,NULL,NULL,3448,11611,34.8,116.1833333,528 FS,P61,P61,1,1,NULL,1,40,4000,0,250 lb GP (GP-M57),NULL,NULL,NULL,,NULL,NULL,0,120 lb Frag (6x20 Clusters),NULL,NULL,NULL,NULL,NULL,NULL,NULL,NULL,NULL,NULL,NULL,NULL,NULL,NULL,NULL,NULL,NULL,NULL,NULL,NULL,NULL,NULL,NULL,NULL,NULL,NULL,NULL,NULL,NULL,ff999999,http://maps.google.com/mapfiles/kml/shapes/road_shield3.png,NULL,ffa4b545,NULL,NULL,NULL,NULL,NULL
47055,51129,CBI,00:00.0,25,3,1945,14 AF,USA,NULL,CHINA,SHANHSIEN,FERRY AREA,NULL,NULL,NULL,3448,11611,34.8,116.1833333,528 FS,P61,P61,1,1,NULL,1,35,3500,0,250 lb GP (GP-M57),NULL,NULL,NULL,,NULL,NULL,0,120 lb Frag (6x20 Clusters),NULL,NULL,NULL,NULL,NULL,NULL,NULL,NULL,NULL,NULL,NULL,NULL,NULL,NULL,NULL,NULL,NULL,NULL,NULL,NULL,NULL,NULL,NULL,NULL,NULL,NULL,NULL,NULL,NULL,ff999999,http://maps.google.com/mapfiles/kml/shapes/road_shield3.png,NULL,ffa4b545,NULL,NULL,NULL,NULL,NULL
50466,13959,PTO,00:00.0,28,3,1945,5 AF,USA,NULL,PHILIPPINE ISLANDS,APARRI,AIRDROME,NULL,NULL,NULL,1820,12140,18.33333333,121.6666667,547 FS,P61,P61,10,1,NULL,1,NULL,0,0,500 lb GP (GP-M43/M64),NULL,NULL,NULL,,NULL,NULL,NULL,,NULL,NULL,NULL,4,NULL,NULL,NULL,NULL,NULL,NULL,NULL,NULL,NULL,NULL,NULL,NULL,NULL,NULL,NULL,NULL,NULL,NULL,NULL,NULL,NULL,NULL,NULL,NULL,NULL,ff999999,http://maps.google.com/mapfiles/kml/shapes/road_shield3.png,NULL,ff0000ff,NULL,NULL,NULL,3 day variability on dates / Data from RAF HOME OFFICE Reports,NULL
52444,27632,PTO,00:00.0,29,3,1945,7 AF,USA,NULL,VOLCANO AND BONIN ISLANDS,CHICHI JIMA,UNIDENTIFIED TARGET,NULL,NULL,NULL,2704,14213,27.06666667,142.2166667,549 FS,P61,P61,1,1,NULL,1,60,6000,4,500 lb GP (GP-M43/M64),NULL,1,NULL,,NULL,NULL,NULL,,NULL,NULL,NULL,1,NULL,NULL,NULL,NULL,NULL,NULL,NULL,NULL,NULL,NULL,NULL,NULL,NULL,NULL,NULL,NULL,NULL,NULL,NULL,NULL,NULL,NULL,NULL,NULL,NULL,ff999999,http://maps.google.com/mapfiles/kml/shapes/road_shield3.png,NULL,ffff36e7,NULL,NULL,NULL,NULL,NULL
52445,27633,PTO,00:00.0,29,3,1945,7 AF,USA,NULL,VOLCANO AND BONIN ISLANDS,CHICHI JIMA,UNIDENTIFIED TARGET,NULL,NULL,NULL,2704,14213,27.06666667,142.2166667,549 FS,P61,P61,10,1,NULL,1,60,6000,4,500 lb GP (GP-M43/M64),NULL,1,NULL,,NULL,NULL,NULL,,NULL,NULL,NULL,1,NULL,NULL,NULL,NULL,NULL,NULL,NULL,NULL,NULL,NULL,NULL,NULL,NULL,NULL,NULL,NULL,NULL,NULL,NULL,NULL,NULL,NULL,NULL,NULL,NULL,ff999999,http://maps.google.com/mapfiles/kml/shapes/road_shield3.png,NULL,ffff36e7,NULL,NULL,NULL,NULL,NULL
52448,21590,PTO,00:00.0,29,3,1945,5 AF,USA,NULL,PHILIPPINE ISLANDS,TUGUEGARAO,AIRDROME,NULL,NULL,NULL,1740,12145,17.66666667,121.75,547 FS,P61,P61,10,1,NULL,1,NULL,0,0,500 lb GP (GP-M43/M64),NULL,NULL,NULL,,NULL,NULL,NULL,,NULL,NULL,NULL,NULL,NULL,NULL,NULL,NULL,NULL,NULL,NULL,NULL,NULL,NULL,NULL,NULL,NULL,NULL,NULL,NULL,NULL,NULL,NULL,NULL,NULL,NULL,NULL,NULL,NULL,ff999999,http://maps.google.com/mapfiles/kml/shapes/road_shield3.png,NULL,ff0000ff,NULL,NULL,NULL,NULL,NULL
52449,21591,PTO,00:00.0,29,3,1945,5 AF,USA,NULL,PHILIPPINE ISLANDS,TUGUEGARAO,AIRDROME,NULL,NULL,NULL,1740,12145,17.66666667,121.75,547 FS,P61,P61,10,1,NULL,NULL,NULL,0,0,500 lb GP (GP-M43/M64),NULL,NULL,NULL,,NULL,NULL,NULL,,NULL,NULL,NULL,NULL,NULL,NULL,NULL,NULL,NULL,NULL,NULL,NULL,NULL,NULL,NULL,NULL,NULL,NULL,NULL,NULL,NULL,NULL,NULL,NULL,NULL,NULL,NULL,NULL,NULL,ff999999,http://maps.google.com/mapfiles/kml/shapes/road_shield3.png,NULL,ff0000ff,NULL,NULL,NULL,NULL,NULL
53213,48455,CBI,00:00.0,30,3,1945,14 AF,USA,NULL,CHINA,CHIENYANGI,WAREHOUSES,NULL,NULL,NULL,3537,11480,35.61666667,115.3333333,520 FS,P61,P61,10,1,NULL,4,45,4500,8,250 lb GP (GP-M57),NULL,1,NULL,,NULL,NULL,NULL,,NULL,NULL,NULL,1,NULL,NULL,NULL,NULL,NULL,NULL,NULL,NULL,NULL,NULL,NULL,NULL,NULL,NULL,NULL,NULL,NULL,NULL,NULL,NULL,NULL,NULL,NULL,NULL,NULL,ff999999,http://maps.google.com/mapfiles/kml/shapes/road_shield3.png,NULL,ffa4b545,NULL,NULL,NULL,NULL,NULL
53220,27939,PTO,00:00.0,30,3,1945,7 AF,USA,NULL,VOLCANO AND BONIN ISLANDS,HAHA JIMA ,UNIDENTIFIED TARGET ,NULL,NULL,NULL,2639,14209,26.65,142.15,549 FS,P61,P61,10,1,NULL,1,60,6000,4,500 lb GP (GP-M43/M64),NULL,1,NULL,,NULL,NULL,NULL,,NULL,NULL,NULL,1,NULL,NULL,NULL,NULL,NULL,NULL,NULL,NULL,NULL,NULL,NULL,NULL,NULL,NULL,NULL,NULL,NULL,NULL,NULL,NULL,NULL,NULL,NULL,NULL,NULL,ff999999,http://maps.google.com/mapfiles/kml/shapes/road_shield3.png,NULL,ffff36e7,NULL,NULL,NULL,NULL,NULL
53227,21455,PTO,00:00.0,30,3,1945,5 AF,USA,NULL,PHILIPPINE ISLANDS,TUGUEGARAO,UNIDENTIFIED TARGET,NULL,NULL,NULL,1740,12145,17.66666667,121.75,547 FS,P61,P61,1,1,NULL,1,NULL,0,0,500 lb GP (GP-M43/M64),NULL,NULL,NULL,,NULL,NULL,NULL,,NULL,NULL,NULL,NULL,NULL,NULL,NULL,NULL,NULL,NULL,NULL,NULL,NULL,NULL,NULL,NULL,NULL,NULL,NULL,NULL,NULL,NULL,NULL,NULL,NULL,NULL,NULL,NULL,NULL,ff999999,http://maps.google.com/mapfiles/kml/shapes/road_shield3.png,NULL,ff0000ff,NULL,NULL,NULL,NULL,NULL
55599,52644,CBI,00:00.0,1,10,1944,14 AF,USA,NULL,CHINA,ZYUNGCHING,TOWN,NULL,NULL,NULL,2519,11115,25.31666667,111.25,118 FS,P61,P61,10,1,NULL,2,NULL,0,8,250 lb GP (GP-M57),NULL,1,NULL,,NULL,NULL,NULL,,NULL,NULL,NULL,1,NULL,NULL,NULL,NULL,NULL,NULL,NULL,NULL,NULL,NULL,NULL,NULL,NULL,NULL,NULL,NULL,NULL,NULL,NULL,NULL,NULL,NULL,NULL,NULL,NULL,ff999999,http://maps.google.com/mapfiles/kml/shapes/road_shield3.png,NULL,ffa4b545,NULL,NULL,NULL,NULL,NULL
67064,27634,PTO,00:00.0,7,4,1945,7 AF,USA,NULL,VOLCANO AND BONIN ISLANDS,CHICHI JIMA,UNIDENTIFIED TARGET,NULL,NULL,NULL,2704,14213,27.06666667,142.2166667,548 FS,P61,P61,10,1,NULL,1,40,4000,4,500 lb GP (GP-M43/M64),NULL,1,NULL,,NULL,NULL,NULL,,NULL,NULL,NULL,1,NULL,NULL,NULL,NULL,NULL,NULL,NULL,NULL,NULL,NULL,NULL,NULL,NULL,NULL,NULL,NULL,NULL,NULL,NULL,NULL,NULL,NULL,NULL,NULL,NULL,ff999999,http://maps.google.com/mapfiles/kml/shapes/road_shield3.png,NULL,ffff36e7,NULL,NULL,NULL,NULL,NULL
67066,27589,PTO,00:00.0,7,4,1945,7 AF,USA,NULL,VOLCANO AND BONIN ISLANDS,ANI JIMA,TAKINOURA TOWN,NULL,NULL,NULL,2707,14212,27.11666667,142.2,548 FS,P61,P61,10,1,NULL,1,NULL,0,4,500 lb GP (GP-M43/M64),NULL,1,NULL,,NULL,NULL,NULL,,NULL,NULL,NULL,1,NULL,NULL,NULL,NULL,NULL,NULL,NULL,NULL,NULL,NULL,NULL,NULL,NULL,NULL,NULL,NULL,NULL,NULL,NULL,NULL,NULL,NULL,NULL,NULL,NULL,ff999999,http://maps.google.com/mapfiles/kml/shapes/road_shield3.png,NULL,ffff36e7,NULL,NULL,NULL,NULL,NULL
67067,27635,PTO,00:00.0,7,4,1945,7 AF,USA,NULL,VOLCANO AND BONIN ISLANDS,CHICHI JIMA,UNIDENTIFIED TARGET,NULL,NULL,NULL,2704,14213,27.06666667,142.2166667,548 FS,P61,P61,10,1,NULL,1,NULL,0,4,500 lb GP (GP-M43/M64),NULL,1,NULL,,NULL,NULL,NULL,,NULL,NULL,NULL,1,NULL,NULL,NULL,NULL,NULL,NULL,NULL,NULL,NULL,NULL,NULL,NULL,NULL,NULL,NULL,NULL,NULL,NULL,NULL,NULL,NULL,NULL,NULL,NULL,NULL,ff999999,http://maps.google.com/mapfiles/kml/shapes/road_shield3.png,NULL,ffff36e7,NULL,NULL,NULL,NULL,NULL
67068,27940,PTO,00:00.0,7,4,1945,7 AF,USA,NULL,VOLCANO AND BONIN ISLANDS,HAHA JIMA ,UNIDENTIFIED TARGET ,NULL,NULL,NULL,2639,14209,26.65,142.15,548 N,P61,P61,10,1,NULL,1,NULL,0,4,500 lb GP (GP-M43/M64),NULL,1,NULL,,NULL,NULL,NULL,,NULL,NULL,NULL,1,NULL,NULL,NULL,NULL,NULL,NULL,NULL,NULL,NULL,NULL,NULL,NULL,NULL,NULL,NULL,NULL,NULL,NULL,NULL,NULL,NULL,NULL,NULL,NULL,NULL,ff999999,http://maps.google.com/mapfiles/kml/shapes/road_shield3.png,NULL,ffff36e7,NULL,NULL,NULL,NULL,NULL
68627,27639,PTO,00:00.0,8,4,1945,7 AF,USA,NULL,VOLCANO AND BONIN ISLANDS,CHICHI JIMA,UNIDENTIFIED TARGET,NULL,NULL,NULL,2704,14213,27.06666667,142.2166667,549 FS,P61,P61,1,1,NULL,1,80,8000,4,500 lb GP (GP-M43/M64),NULL,1,NULL,,NULL,NULL,NULL,,NULL,NULL,NULL,1,NULL,NULL,NULL,NULL,NULL,NULL,NULL,NULL,NULL,NULL,NULL,NULL,NULL,NULL,NULL,NULL,NULL,NULL,NULL,NULL,NULL,NULL,NULL,NULL,NULL,ff999999,http://maps.google.com/mapfiles/kml/shapes/road_shield3.png,NULL,ffff36e7,NULL,NULL,NULL,NULL,NULL
68628,27638,PTO,00:00.0,8,4,1945,7 AF,USA,NULL,VOLCANO AND BONIN ISLANDS,CHICHI JIMA,UNIDENTIFIED TARGET,NULL,NULL,NULL,2704,14213,27.06666667,142.2166667,549 FS,P61,P61,1,1,NULL,1,70,7000,4,500 lb GP (GP-M43/M64),NULL,1,NULL,,NULL,NULL,NULL,,NULL,NULL,NULL,1,NULL,NULL,NULL,NULL,NULL,NULL,NULL,NULL,NULL,NULL,NULL,NULL,NULL,NULL,NULL,NULL,NULL,NULL,NULL,NULL,NULL,NULL,NULL,NULL,NULL,ff999999,http://maps.google.com/mapfiles/kml/shapes/road_shield3.png,NULL,ffff36e7,NULL,NULL,NULL,NULL,NULL
68629,27586,PTO,00:00.0,8,4,1945,7 AF,USA,NULL,VOLCANO AND BONIN ISLANDS,ANI JIMA,UNIDENTIFIED TARGET,NULL,NULL,NULL,2707,14212,27.11666667,142.2,549 FS,P61,P61,1,1,NULL,1,65,6500,4,500 lb GP (GP-M43/M64),NULL,1,NULL,,NULL,NULL,NULL,,NULL,NULL,NULL,1,NULL,NULL,NULL,NULL,NULL,NULL,NULL,NULL,NULL,NULL,NULL,NULL,NULL,NULL,NULL,NULL,NULL,NULL,NULL,NULL,NULL,NULL,NULL,NULL,NULL,ff999999,http://maps.google.com/mapfiles/kml/shapes/road_shield3.png,NULL,ffff36e7,NULL,NULL,NULL,NULL,NULL
68630,27941,PTO,00:00.0,8,4,1945,7 AF,USA,NULL,VOLCANO AND BONIN ISLANDS,HAHA JIMA ,UNIDENTIFIED TARGET ,NULL,NULL,NULL,2639,14209,26.65,142.15,549 FS,P61,P61,1,1,NULL,1,60,6000,4,500 lb GP (GP-M43/M64),NULL,1,NULL,,NULL,NULL,NULL,,NULL,NULL,NULL,1,NULL,NULL,NULL,NULL,NULL,NULL,NULL,NULL,NULL,NULL,NULL,NULL,NULL,NULL,NULL,NULL,NULL,NULL,NULL,NULL,NULL,NULL,NULL,NULL,NULL,ff999999,http://maps.google.com/mapfiles/kml/shapes/road_shield3.png,NULL,ffff36e7,NULL,NULL,NULL,NULL,NULL
68632,27637,PTO,00:00.0,8,4,1945,7 AF,USA,NULL,VOLCANO AND BONIN ISLANDS,CHICHI JIMA,UNIDENTIFIED TARGET,NULL,NULL,NULL,2704,14213,27.06666667,142.2166667,548 FS,P61,P61,10,1,NULL,1,6,600,4,500 lb GP (GP-M43/M64),NULL,1,NULL,,NULL,NULL,NULL,,NULL,NULL,NULL,1,NULL,NULL,NULL,NULL,NULL,NULL,NULL,NULL,NULL,NULL,NULL,NULL,NULL,NULL,NULL,NULL,NULL,NULL,NULL,NULL,NULL,NULL,NULL,NULL,NULL,ff999999,http://maps.google.com/mapfiles/kml/shapes/road_shield3.png,NULL,ffff36e7,NULL,NULL,NULL,NULL,NULL
71015,27641,PTO,00:00.0,9,4,1945,7 AF,USA,NULL,VOLCANO AND BONIN ISLANDS,CHICHI JIMA,UNIDENTIFIED TARGET,NULL,NULL,NULL,2704,14213,27.06666667,142.2166667,549 FS,P61,P61,1,1,NULL,1,60,6000,4,500 lb GP (GP-M43/M64),NULL,1,NULL,,NULL,NULL,NULL,,NULL,NULL,NULL,1,NULL,NULL,NULL,NULL,NULL,NULL,NULL,NULL,NULL,NULL,NULL,NULL,NULL,NULL,NULL,NULL,NULL,NULL,NULL,NULL,NULL,NULL,NULL,NULL,NULL,ff999999,http://maps.google.com/mapfiles/kml/shapes/road_shield3.png,NULL,ffff36e7,NULL,NULL,NULL,NULL,NULL
71016,27642,PTO,00:00.0,9,4,1945,7 AF,USA,NULL,VOLCANO AND BONIN ISLANDS,CHICHI JIMA,UNIDENTIFIED TARGET,NULL,NULL,NULL,2704,14213,27.06666667,142.2166667,549 FS,P61,P61,1,1,NULL,1,60,6000,4,500 lb GP (GP-M43/M64),NULL,1,NULL,,NULL,NULL,NULL,,NULL,NULL,NULL,1,NULL,NULL,NULL,NULL,NULL,NULL,NULL,NULL,NULL,NULL,NULL,NULL,NULL,NULL,NULL,NULL,NULL,NULL,NULL,NULL,NULL,NULL,NULL,NULL,NULL,ff999999,http://maps.google.com/mapfiles/kml/shapes/road_shield3.png,NULL,ffff36e7,NULL,NULL,NULL,NULL,NULL
71017,27853,PTO,00:00.0,9,4,1945,7 AF,USA,NULL,VOLCANO AND BONIN ISLANDS,CHICHI JIMA,SUSAKI AIRFIELD ,NULL,NULL,NULL,2704,14213,27.06666667,142.2166667,548 FS,P61,P61,10,1,NULL,1,45,4500,4,500 lb GP (GP-M43/M64),NULL,1,NULL,,NULL,NULL,NULL,,NULL,NULL,NULL,1,NULL,NULL,NULL,NULL,NULL,NULL,NULL,NULL,NULL,NULL,NULL,NULL,NULL,NULL,NULL,NULL,NULL,NULL,NULL,NULL,NULL,NULL,NULL,NULL,NULL,ff999999,http://maps.google.com/mapfiles/kml/shapes/road_shield3.png,NULL,ffff36e7,NULL,NULL,NULL,NULL,NULL
71018,27956,PTO,00:00.0,9,4,1945,7 AF,USA,NULL,VOLCANO AND BONIN ISLANDS,HAHA JIMA ,TOWN  ,NULL,NULL,NULL,2639,14209,26.65,142.15,548 FS,P61,P61,10,1,NULL,1,37,3700,4,500 lb GP (GP-M43/M64),NULL,1,NULL,,NULL,NULL,NULL,,NULL,NULL,NULL,1,NULL,NULL,NULL,NULL,NULL,NULL,NULL,NULL,NULL,NULL,NULL,NULL,NULL,NULL,NULL,NULL,NULL,NULL,NULL,NULL,NULL,NULL,NULL,NULL,NULL,ff999999,http://maps.google.com/mapfiles/kml/shapes/road_shield3.png,NULL,ffff36e7,NULL,NULL,NULL,NULL,NULL
71019,27640,PTO,00:00.0,9,4,1945,7 AF,USA,NULL,VOLCANO AND BONIN ISLANDS,CHICHI JIMA,UNIDENTIFIED TARGET,NULL,NULL,NULL,2704,14213,27.06666667,142.2166667,548 FS,P61,P61,10,1,NULL,1,30,3000,4,500 lb GP (GP-M43/M64),NULL,1,NULL,,NULL,NULL,NULL,,NULL,NULL,NULL,1,NULL,NULL,NULL,NULL,NULL,NULL,NULL,NULL,NULL,NULL,NULL,NULL,NULL,NULL,NULL,NULL,NULL,NULL,NULL,NULL,NULL,NULL,NULL,NULL,NULL,ff999999,http://maps.google.com/mapfiles/kml/shapes/road_shield3.png,NULL,ffff36e7,NULL,NULL,NULL,NULL,NULL
71022,24902,PTO,00:00.0,9,4,1945,7 AF,USA,NULL,JAPAN,CHOTO,TOWN,NULL,NULL,NULL,3816,14130,38.26666667,141.5,548 FS,P61,P61,10,1,NULL,1,2,200,4,500 lb GP (GP-M43/M64),NULL,1,NULL,,NULL,NULL,NULL,,NULL,NULL,NULL,1,NULL,NULL,NULL,NULL,NULL,NULL,NULL,NULL,NULL,NULL,NULL,NULL,NULL,NULL,NULL,NULL,NULL,NULL,NULL,NULL,NULL,NULL,NULL,NULL,NULL,ff999999,http://maps.google.com/mapfiles/kml/shapes/road_shield3.png,NULL,ffff36e7,NULL,NULL,NULL,NULL,NULL
71023,52623,CBI,00:00.0,9,4,1945,14 AF,USA,NULL,CHINA,YUNGCHENG,UNIDENTIFIED TARGET,NULL,NULL,NULL,3359,11619,33.98333333,116.3166667,528 FS,P61,P61,1,2,NULL,NULL,NULL,0,4,500 lb GP (GP-M43/M64),NULL,1,NULL,,NULL,NULL,NULL,,NULL,NULL,NULL,1,NULL,NULL,NULL,NULL,NULL,NULL,NULL,NULL,NULL,NULL,NULL,NULL,NULL,NULL,NULL,NULL,NULL,NULL,NULL,NULL,NULL,NULL,NULL,NULL,NULL,ff999999,http://maps.google.com/mapfiles/kml/shapes/road_shield3.png,NULL,ffa4b545,NULL,NULL,NULL,NULL,NULL
73589,28090,PTO,00:00.0,10,4,1945,7 AF,USA,NULL,VOLCANO AND BONIN ISLANDS,IWO JIMA ,UNIDENTIFIED TARGET ,NULL,NULL,NULL,2447,14119,24.78333333,141.3166667,548 FS,P61,P61,10,2,NULL,1,50,5000,4,500 lb GP (GP-M43/M64),NULL,1,NULL,,NULL,NULL,NULL,,NULL,NULL,NULL,1,NULL,NULL,NULL,NULL,NULL,NULL,NULL,NULL,NULL,NULL,NULL,NULL,NULL,NULL,NULL,NULL,NULL,NULL,NULL,NULL,NULL,NULL,NULL,NULL,NULL,ff999999,http://maps.google.com/mapfiles/kml/shapes/road_shield3.png,NULL,ffff36e7,NULL,NULL,NULL,NULL,NULL
73590,27770,PTO,00:00.0,10,4,1945,7 AF,USA,NULL,VOLCANO AND BONIN ISLANDS,CHICHI JIMA,PUTAMI HARBOR,NULL,NULL,NULL,2704,14213,27.06666667,142.2166667,548 FS,P61,P61,10,1,NULL,1,40,4000,4,500 lb GP (GP-M43/M64),NULL,1,NULL,,NULL,NULL,NULL,,NULL,NULL,NULL,1,NULL,NULL,NULL,NULL,NULL,NULL,NULL,NULL,NULL,NULL,NULL,NULL,NULL,NULL,NULL,NULL,NULL,NULL,NULL,NULL,NULL,NULL,NULL,NULL,NULL,ff999999,http://maps.google.com/mapfiles/kml/shapes/road_shield3.png,NULL,ffff36e7,NULL,NULL,NULL,NULL,NULL
73591,27855,PTO,00:00.0,10,4,1945,7 AF,USA,NULL,VOLCANO AND BONIN ISLANDS,CHICHI JIMA,SUSAKI AIRFIELD ,NULL,NULL,NULL,2704,14213,27.06666667,142.2166667,548 FS,P61,P61,10,1,NULL,1,40,4000,4,500 lb GP (GP-M43/M64),NULL,1,NULL,,NULL,NULL,NULL,,NULL,NULL,NULL,1,NULL,NULL,NULL,NULL,NULL,NULL,NULL,NULL,NULL,NULL,NULL,NULL,NULL,NULL,NULL,NULL,NULL,NULL,NULL,NULL,NULL,NULL,NULL,NULL,NULL,ff999999,http://maps.google.com/mapfiles/kml/shapes/road_shield3.png,NULL,ffff36e7,NULL,NULL,NULL,NULL,NULL
73592,27591,PTO,00:00.0,10,4,1945,7 AF,USA,NULL,VOLCANO AND BONIN ISLANDS,ANI JIMA,TAKINOURA TOWN,NULL,NULL,NULL,2707,14212,27.11666667,142.2,548 FS,P61,P61,10,1,NULL,1,40,4000,4,500 lb GP (GP-M43/M64),NULL,1,NULL,,NULL,NULL,NULL,,NULL,NULL,NULL,1,NULL,NULL,NULL,NULL,NULL,NULL,NULL,NULL,NULL,NULL,NULL,NULL,NULL,NULL,NULL,NULL,NULL,NULL,NULL,NULL,NULL,NULL,NULL,NULL,NULL,ff999999,http://maps.google.com/mapfiles/kml/shapes/road_shield3.png,NULL,ffff36e7,NULL,NULL,NULL,NULL,NULL
73593,27854,PTO,00:00.0,10,4,1945,7 AF,USA,NULL,VOLCANO AND BONIN ISLANDS,CHICHI JIMA,SUSAKI AIRFIELD ,NULL,NULL,NULL,2704,14213,27.06666667,142.2166667,548 FS,P61,P61,10,1,NULL,1,30,3000,4,500 lb GP (GP-M43/M64),NULL,1,NULL,,NULL,NULL,NULL,,NULL,NULL,NULL,1,NULL,NULL,NULL,NULL,NULL,NULL,NULL,NULL,NULL,NULL,NULL,NULL,NULL,NULL,NULL,NULL,NULL,NULL,NULL,NULL,NULL,NULL,NULL,NULL,NULL,ff999999,http://maps.google.com/mapfiles/kml/shapes/road_shield3.png,NULL,ffff36e7,NULL,NULL,NULL,NULL,NULL
73596,27590,PTO,00:00.0,10,4,1945,7 AF,USA,NULL,VOLCANO AND BONIN ISLANDS,ANI JIMA,TAKINOURA TOWN,NULL,NULL,NULL,2707,14212,27.11666667,142.2,548 FS,P61,P61,10,1,NULL,1,30,3000,0,500 lb GP (GP-M43/M64),NULL,NULL,NULL,,NULL,NULL,NULL,,NULL,NULL,NULL,NULL,NULL,NULL,NULL,NULL,NULL,NULL,NULL,NULL,NULL,NULL,NULL,NULL,NULL,NULL,NULL,NULL,NULL,NULL,NULL,NULL,NULL,NULL,NULL,NULL,NULL,ff999999,http://maps.google.com/mapfiles/kml/shapes/road_shield3.png,NULL,ffff36e7,NULL,NULL,NULL,NULL,NULL
76895,27645,PTO,00:00.0,11,4,1945,7 AF,USA,NULL,VOLCANO AND BONIN ISLANDS,CHICHI JIMA,UNIDENTIFIED TARGET,NULL,NULL,NULL,2704,14213,27.06666667,142.2166667,549 FS,P61,P61,10,1,NULL,1,75,7500,4,500 lb GP (GP-M43/M64),NULL,1,NULL,,NULL,NULL,NULL,,NULL,NULL,NULL,1,NULL,NULL,NULL,NULL,NULL,NULL,NULL,NULL,NULL,NULL,NULL,NULL,NULL,NULL,NULL,NULL,NULL,NULL,NULL,NULL,NULL,NULL,NULL,NULL,NULL,ff999999,http://maps.google.com/mapfiles/kml/shapes/road_shield3.png,NULL,ffff36e7,NULL,NULL,NULL,NULL,NULL
76896,27644,PTO,00:00.0,11,4,1945,7 AF,USA,NULL,VOLCANO AND BONIN ISLANDS,CHICHI JIMA,UNIDENTIFIED TARGET,NULL,NULL,NULL,2704,14213,27.06666667,142.2166667,549 FS,P61,P61,1,1,NULL,1,70,7000,4,500 lb GP (GP-M43/M64),NULL,1,NULL,,NULL,NULL,NULL,,NULL,NULL,NULL,1,NULL,NULL,NULL,NULL,NULL,NULL,NULL,NULL,NULL,NULL,NULL,NULL,NULL,NULL,NULL,NULL,NULL,NULL,NULL,NULL,NULL,NULL,NULL,NULL,NULL,ff999999,http://maps.google.com/mapfiles/kml/shapes/road_shield3.png,NULL,ffff36e7,NULL,NULL,NULL,NULL,NULL
76897,27856,PTO,00:00.0,11,4,1945,7 AF,USA,NULL,VOLCANO AND BONIN ISLANDS,CHICHI JIMA,SUSAKI AIRFIELD ,NULL,NULL,NULL,2704,14213,27.06666667,142.2166667,545 FS,P61,P61,10,1,NULL,1,50,5000,4,500 lb GP (GP-M43/M64),NULL,1,NULL,,NULL,NULL,NULL,,NULL,NULL,NULL,1,NULL,NULL,NULL,NULL,NULL,NULL,NULL,NULL,NULL,NULL,NULL,NULL,NULL,NULL,NULL,NULL,NULL,NULL,NULL,NULL,NULL,NULL,NULL,NULL,NULL,ff999999,http://maps.google.com/mapfiles/kml/shapes/road_shield3.png,NULL,ffff36e7,NULL,NULL,NULL,NULL,NULL
77205,24923,PTO,00:00.0,11,4,1945,7 AF,USA,NULL,JAPAN,IWO JIMA ,UNIDENTIFIED TARGET ,NULL,NULL,NULL,3048,13018,30.8,130.3,548 FS,P61,P61,1,2,NULL,1,NULL,0,4,500 lb GP (GP-M43/M64),NULL,1,NULL,,NULL,NULL,NULL,,NULL,NULL,NULL,1,NULL,NULL,NULL,NULL,NULL,NULL,NULL,NULL,NULL,NULL,NULL,NULL,NULL,NULL,NULL,NULL,NULL,NULL,NULL,NULL,NULL,NULL,NULL,NULL,NULL,ff999999,http://maps.google.com/mapfiles/kml/shapes/road_shield3.png,NULL,ffff36e7,NULL,NULL,NULL,NULL,NULL
80133,49652,CBI,00:00.0,11,4,1945,14 AF,USA,NULL,CHINA,LAOHOKOW,AREA,NULL,NULL,NULL,3223,11138,32.38333333,111.6333333,92 FS,P61,P61,10,1,NULL,1,1,NULL,NULL,,NULL,NULL,2,1000 lb aux fuel tank Incendiary,NULL,1,0,69 lb Frag (3x23 Clusters),NULL,NULL,NULL,1,NULL,NULL,NULL,NULL,NULL,NULL,NULL,NULL,NULL,NULL,NULL,NULL,NULL,NULL,NULL,NULL,NULL,NULL,NULL,NULL,NULL,NULL,NULL,NULL,NULL,ff999999,http://maps.google.com/mapfiles/kml/shapes/road_shield3.png,NULL,ffa4b545,NULL,NULL,NULL,NULL,NULL
80505,27942,PTO,00:00.0,12,4,1945,7 AF,USA,NULL,VOLCANO AND BONIN ISLANDS,HAHA JIMA ,UNIDENTIFIED TARGET ,NULL,NULL,NULL,2639,14209,26.65,142.15,549 FS,P61,P61,1,1,NULL,1,65,6500,4,500 lb GP (GP-M43/M64),NULL,1,NULL,,NULL,NULL,NULL,,NULL,NULL,NULL,1,NULL,NULL,NULL,NULL,NULL,NULL,NULL,NULL,NULL,NULL,NULL,NULL,NULL,NULL,NULL,NULL,NULL,NULL,NULL,NULL,NULL,NULL,NULL,NULL,NULL,ff999999,http://maps.google.com/mapfiles/kml/shapes/road_shield3.png,NULL,ffff36e7,NULL,NULL,NULL,NULL,NULL
80506,27943,PTO,00:00.0,12,4,1945,7 AF,USA,NULL,VOLCANO AND BONIN ISLANDS,HAHA JIMA ,UNIDENTIFIED TARGET ,NULL,NULL,NULL,2639,14209,26.65,142.15,549 FS,P61,P61,1,1,NULL,1,60,6000,4,500 lb GP (GP-M43/M64),NULL,1,NULL,,NULL,NULL,NULL,,NULL,NULL,NULL,1,NULL,NULL,NULL,NULL,NULL,NULL,NULL,NULL,NULL,NULL,NULL,NULL,NULL,NULL,NULL,NULL,NULL,NULL,NULL,NULL,NULL,NULL,NULL,NULL,NULL,ff999999,http://maps.google.com/mapfiles/kml/shapes/road_shield3.png,NULL,ffff36e7,NULL,NULL,NULL,NULL,NULL
80507,27944,PTO,00:00.0,12,4,1945,7 AF,USA,NULL,VOLCANO AND BONIN ISLANDS,HAHA JIMA ,UNIDENTIFIED TARGET ,NULL,NULL,NULL,2639,14209,26.65,142.15,549 FS,P61,P61,10,1,NULL,1,60,6000,4,500 lb GP (GP-M43/M64),NULL,1,NULL,,NULL,NULL,NULL,,NULL,NULL,NULL,1,NULL,NULL,NULL,NULL,NULL,NULL,NULL,NULL,NULL,NULL,NULL,NULL,NULL,NULL,NULL,NULL,NULL,NULL,NULL,NULL,NULL,NULL,NULL,NULL,NULL,ff999999,http://maps.google.com/mapfiles/kml/shapes/road_shield3.png,NULL,ffff36e7,NULL,NULL,NULL,NULL,NULL
80508,17192,PTO,00:00.0,12,4,1945,5 AF,USA,NULL,PHILIPPINE ISLANDS,INFANTA,TOWN,NULL,NULL,NULL,1445,12140,14.75,121.6666667,421 FS,P61,P61,5,1,NULL,1,5,500,4,500 lb GP (GP-M43/M64),NULL,1,NULL,,NULL,NULL,NULL,,NULL,NULL,NULL,1,NULL,NULL,NULL,NULL,NULL,NULL,NULL,NULL,NULL,NULL,NULL,NULL,NULL,NULL,NULL,NULL,NULL,NULL,NULL,NULL,NULL,NULL,NULL,NULL,NULL,ff999999,http://maps.google.com/mapfiles/kml/shapes/road_shield3.png,NULL,ff0000ff,NULL,NULL,NULL,NULL,NULL
81385,25711,PTO,00:00.0,13,4,1945,7 AF,USA,NULL,MARIANAS ISLANDS ,PAGAN ISLAND ,UNIDENTIFIED TARGET,NULL,NULL,NULL,1808,14547,18.13333333,145.7833333,6 FS,P61,P61,10,1,NULL,2,2,200,200,250 lb GP (GP-M57),NULL,1,NULL,,NULL,NULL,NULL,,NULL,NULL,NULL,1,NULL,NULL,NULL,NULL,NULL,NULL,NULL,NULL,NULL,NULL,NULL,NULL,NULL,NULL,NULL,NULL,NULL,NULL,NULL,NULL,NULL,NULL,NULL,NULL,NULL,ff999999,http://maps.google.com/mapfiles/kml/shapes/road_shield3.png,NULL,ffff36e7,NULL,NULL,NULL,NULL,NULL
81764,27946,PTO,00:00.0,13,4,1945,7 AF,USA,NULL,VOLCANO AND BONIN ISLANDS,HAHA JIMA ,UNIDENTIFIED TARGET ,NULL,NULL,NULL,2639,14209,26.65,142.15,549 FS,P61,P61,1,1,NULL,1,65,6500,4,500 lb GP (GP-M43/M64),NULL,1,NULL,,NULL,NULL,NULL,,NULL,NULL,NULL,1,NULL,NULL,NULL,NULL,NULL,NULL,NULL,NULL,NULL,NULL,NULL,NULL,NULL,NULL,NULL,NULL,NULL,NULL,NULL,NULL,NULL,NULL,NULL,NULL,NULL,ff999999,http://maps.google.com/mapfiles/kml/shapes/road_shield3.png,NULL,ffff36e7,NULL,NULL,NULL,NULL,NULL
81774,27945,PTO,00:00.0,13,4,1945,7 AF,USA,NULL,VOLCANO AND BONIN ISLANDS,HAHA JIMA ,UNIDENTIFIED TARGET ,NULL,NULL,NULL,2639,14209,26.65,142.15,549 FS,P61,P61,1,1,NULL,1,75,7500,0,500 lb GP (GP-M43/M64),NULL,NULL,NULL,,NULL,NULL,NULL,,NULL,NULL,NULL,NULL,NULL,NULL,NULL,NULL,NULL,NULL,NULL,NULL,NULL,NULL,NULL,NULL,NULL,NULL,NULL,NULL,NULL,NULL,NULL,NULL,NULL,NULL,NULL,NULL,NULL,ff999999,http://maps.google.com/mapfiles/kml/shapes/road_shield3.png,NULL,ffff36e7,NULL,NULL,NULL,NULL,NULL
83315,27858,PTO,00:00.0,14,4,1945,7 AF,USA,NULL,VOLCANO AND BONIN ISLANDS,CHICHI JIMA,SUSAKI AIRFIELD ,NULL,NULL,NULL,2704,14213,27.06666667,142.2166667,548 FS,P61,P61,1,1,NULL,1,50,5000,4,500 lb GP (GP-M43/M64),NULL,1,NULL,,NULL,NULL,NULL,,NULL,NULL,NULL,1,NULL,NULL,NULL,NULL,NULL,NULL,NULL,NULL,NULL,NULL,NULL,NULL,NULL,NULL,NULL,NULL,NULL,NULL,NULL,NULL,NULL,NULL,NULL,NULL,NULL,ff999999,http://maps.google.com/mapfiles/kml/shapes/road_shield3.png,NULL,ffff36e7,NULL,NULL,NULL,NULL,NULL
83316,27857,PTO,00:00.0,14,4,1945,7 AF,USA,NULL,VOLCANO AND BONIN ISLANDS,CHICHI JIMA,SUSAKI AIRFIELD ,NULL,NULL,NULL,2704,14213,27.06666667,142.2166667,548 FS,P61,P61,10,1,NULL,3,25,2500,4,500 lb GP (GP-M43/M64),NULL,1,NULL,,NULL,NULL,NULL,,NULL,NULL,NULL,1,NULL,NULL,NULL,NULL,NULL,NULL,NULL,NULL,NULL,NULL,NULL,NULL,NULL,NULL,NULL,NULL,NULL,NULL,NULL,NULL,NULL,NULL,NULL,NULL,NULL,ff999999,http://maps.google.com/mapfiles/kml/shapes/road_shield3.png,NULL,ffff36e7,NULL,NULL,NULL,NULL,NULL
83318,27646,PTO,00:00.0,14,4,1945,7 AF,USA,NULL,VOLCANO AND BONIN ISLANDS,CHICHI JIMA,UNIDENTIFIED TARGET,NULL,NULL,NULL,2704,14213,27.06666667,142.2166667,548 FS,P61,P61,10,1,NULL,1,8,800,4,500 lb GP (GP-M43/M64),NULL,1,NULL,,NULL,NULL,NULL,,NULL,NULL,NULL,1,NULL,NULL,NULL,NULL,NULL,NULL,NULL,NULL,NULL,NULL,NULL,NULL,NULL,NULL,NULL,NULL,NULL,NULL,NULL,NULL,NULL,NULL,NULL,NULL,NULL,ff999999,http://maps.google.com/mapfiles/kml/shapes/road_shield3.png,NULL,ffff36e7,NULL,NULL,NULL,NULL,NULL
83319,24139,PTO,00:00.0,14,4,1945,7 AF,USA,NULL,,MUKO JIMA,UNIDENTIFIED TARGET,NULL,NULL,NULL,717,15156,7.283333333,151.9333333,548 FS,P61,P61,10,1,NULL,1,8,800,4,500 lb GP (GP-M43/M64),NULL,1,NULL,,NULL,NULL,NULL,,NULL,NULL,NULL,1,NULL,NULL,NULL,NULL,NULL,NULL,NULL,NULL,NULL,NULL,NULL,NULL,NULL,NULL,NULL,NULL,NULL,NULL,NULL,NULL,NULL,NULL,NULL,NULL,NULL,ff999999,http://maps.google.com/mapfiles/kml/shapes/road_shield3.png,NULL,ffff36e7,NULL,NULL,NULL,NULL,NULL
85984,27859,PTO,00:00.0,15,4,1945,7 AF,USA,NULL,VOLCANO AND BONIN ISLANDS,CHICHI JIMA,SUSAKI AIRFIELD ,NULL,NULL,NULL,2704,14213,27.06666667,142.2166667,548 FS,P61,P61,1,1,NULL,1,80,8000,4,500 lb GP (GP-M43/M64),NULL,1,NULL,,NULL,NULL,NULL,,NULL,NULL,NULL,1,NULL,NULL,NULL,NULL,NULL,NULL,NULL,NULL,NULL,NULL,NULL,NULL,NULL,NULL,NULL,NULL,NULL,NULL,NULL,NULL,NULL,NULL,NULL,NULL,NULL,ff999999,http://maps.google.com/mapfiles/kml/shapes/road_shield3.png,NULL,ffff36e7,NULL,NULL,NULL,NULL,NULL
85985,27587,PTO,00:00.0,15,4,1945,7 AF,USA,NULL,VOLCANO AND BONIN ISLANDS,ANI JIMA,UNIDENTIFIED TARGET,NULL,NULL,NULL,2707,14212,27.11666667,142.2,549 FS,P61,P61,1,1,NULL,1,60,6000,4,500 lb GP (GP-M43/M64),NULL,1,NULL,,NULL,NULL,NULL,,NULL,NULL,NULL,1,NULL,NULL,NULL,NULL,NULL,NULL,NULL,NULL,NULL,NULL,NULL,NULL,NULL,NULL,NULL,NULL,NULL,NULL,NULL,NULL,NULL,NULL,NULL,NULL,NULL,ff999999,http://maps.google.com/mapfiles/kml/shapes/road_shield3.png,NULL,ffff36e7,NULL,NULL,NULL,NULL,NULL
85986,27948,PTO,00:00.0,15,4,1945,7 AF,USA,NULL,VOLCANO AND BONIN ISLANDS,HAHA JIMA ,UNIDENTIFIED TARGET ,NULL,NULL,NULL,2639,14209,26.65,142.15,549 FS,P61,P61,1,1,NULL,1,50,5000,4,500 lb GP (GP-M43/M64),NULL,1,NULL,,NULL,NULL,NULL,,NULL,NULL,NULL,1,NULL,NULL,NULL,NULL,NULL,NULL,NULL,NULL,NULL,NULL,NULL,NULL,NULL,NULL,NULL,NULL,NULL,NULL,NULL,NULL,NULL,NULL,NULL,NULL,NULL,ff999999,http://maps.google.com/mapfiles/kml/shapes/road_shield3.png,NULL,ffff36e7,NULL,NULL,NULL,NULL,NULL
85988,27947,PTO,00:00.0,15,4,1945,7 AF,USA,NULL,VOLCANO AND BONIN ISLANDS,HAHA JIMA ,UNIDENTIFIED TARGET ,NULL,NULL,NULL,2639,14209,26.65,142.15,548 FS,P61,P61,1,1,NULL,1,40,4000,4,500 lb GP (GP-M43/M64),NULL,1,NULL,,NULL,NULL,NULL,,NULL,NULL,NULL,1,NULL,NULL,NULL,NULL,NULL,NULL,NULL,NULL,NULL,NULL,NULL,NULL,NULL,NULL,NULL,NULL,NULL,NULL,NULL,NULL,NULL,NULL,NULL,NULL,NULL,ff999999,http://maps.google.com/mapfiles/kml/shapes/road_shield3.png,NULL,ffff36e7,NULL,NULL,NULL,NULL,NULL
89284,25712,PTO,00:00.0,16,4,1945,7 AF,USA,NULL,MARIANAS ISLANDS ,PAGAN ISLAND ,UNIDENTIFIED TARGET,NULL,NULL,NULL,1808,14547,18.13333333,145.7833333,6 FS,P61,P61,10,1,NULL,2,2,200,200,250 lb GP (GP-M57),NULL,1,NULL,,NULL,NULL,NULL,,NULL,NULL,NULL,1,NULL,NULL,NULL,NULL,NULL,NULL,NULL,NULL,NULL,NULL,NULL,NULL,NULL,NULL,NULL,NULL,NULL,NULL,NULL,NULL,NULL,NULL,NULL,NULL,NULL,ff999999,http://maps.google.com/mapfiles/kml/shapes/road_shield3.png,NULL,ffff36e7,NULL,NULL,NULL,NULL,NULL
89651,27949,PTO,00:00.0,16,4,1945,7 AF,USA,NULL,VOLCANO AND BONIN ISLANDS,HAHA JIMA ,UNIDENTIFIED TARGET ,NULL,NULL,NULL,2639,14209,26.65,142.15,549 FS,P61,P61,1,1,NULL,1,65,6500,4,500 lb GP (GP-M43/M64),NULL,1,NULL,,NULL,NULL,NULL,,NULL,NULL,NULL,1,NULL,NULL,NULL,NULL,NULL,NULL,NULL,NULL,NULL,NULL,NULL,NULL,NULL,NULL,NULL,NULL,NULL,NULL,NULL,NULL,NULL,NULL,NULL,NULL,NULL,ff999999,http://maps.google.com/mapfiles/kml/shapes/road_shield3.png,NULL,ffff36e7,NULL,NULL,NULL,NULL,NULL
89652,27647,PTO,00:00.0,16,4,1945,7 AF,USA,NULL,VOLCANO AND BONIN ISLANDS,CHICHI JIMA,UNIDENTIFIED TARGET,NULL,NULL,NULL,2704,14213,27.06666667,142.2166667,549 FS,P61,P61,1,1,NULL,1,60,6000,4,500 lb GP (GP-M43/M64),NULL,1,NULL,,NULL,NULL,NULL,,NULL,NULL,NULL,1,NULL,NULL,NULL,NULL,NULL,NULL,NULL,NULL,NULL,NULL,NULL,NULL,NULL,NULL,NULL,NULL,NULL,NULL,NULL,NULL,NULL,NULL,NULL,NULL,NULL,ff999999,http://maps.google.com/mapfiles/kml/shapes/road_shield3.png,NULL,ffff36e7,NULL,NULL,NULL,NULL,NULL
92180,27966,PTO,00:00.0,17,4,1945,7 AF,USA,NULL,VOLCANO AND BONIN ISLANDS,HAHA JIMA ,WEATHER STATION ,NULL,NULL,NULL,2639,14209,26.65,142.15,548 FS,P61,P61,10,1,NULL,1,40,4000,4,500 lb GP (GP-M43/M64),NULL,1,NULL,,NULL,NULL,NULL,,NULL,NULL,NULL,1,NULL,NULL,NULL,NULL,NULL,NULL,NULL,NULL,NULL,NULL,NULL,NULL,NULL,NULL,NULL,NULL,NULL,NULL,NULL,NULL,NULL,NULL,NULL,NULL,NULL,ff999999,http://maps.google.com/mapfiles/kml/shapes/road_shield3.png,NULL,ffff36e7,NULL,NULL,NULL,NULL,NULL
94535,27967,PTO,00:00.0,18,4,1945,7 AF,USA,NULL,VOLCANO AND BONIN ISLANDS,HAHA JIMA ,WEATHER STATION ,NULL,NULL,NULL,2639,14209,26.65,142.15,548 FS,P61,P61,10,1,NULL,1,25,2500,4,500 lb GP (GP-M43/M64),NULL,1,NULL,,NULL,NULL,NULL,,NULL,NULL,NULL,1,NULL,NULL,NULL,NULL,NULL,NULL,NULL,NULL,NULL,NULL,NULL,NULL,NULL,NULL,NULL,NULL,NULL,NULL,NULL,NULL,NULL,NULL,NULL,NULL,NULL,ff999999,http://maps.google.com/mapfiles/kml/shapes/road_shield3.png,NULL,ffff36e7,NULL,NULL,NULL,NULL,NULL
95897,31526,CBI,00:00.0,18,4,1945,10 AF,USA,NULL,BURMA,LAIHKA,UNIDENTIFIED TARGET,NULL,NULL,NULL,2116,9740,21.26666667,97.66666667,427 FS,P61,P61,10,1,NULL,2,1,NULL,NULL,,NULL,NULL,3.03030303,660 lb Aux Fuel tank Incendiary,NULL,1,NULL,,NULL,NULL,NULL,1,NULL,NULL,NULL,NULL,NULL,NULL,NULL,NULL,NULL,NULL,NULL,NULL,NULL,NULL,NULL,NULL,NULL,NULL,NULL,NULL,NULL,NULL,NULL,NULL,NULL,ff999999,http://maps.google.com/mapfiles/kml/shapes/road_shield3.png,NULL,ff00ccff,NULL,NULL,NULL,NULL,NULL
95898,31527,CBI,00:00.0,18,4,1945,10 AF,USA,NULL,BURMA,LAIHKA,UNIDENTIFIED TARGET,NULL,NULL,NULL,2116,9740,21.26666667,97.66666667,427 FS,P61,P61,10,1,NULL,3,1,NULL,NULL,,NULL,NULL,3.03030303,660 lb Aux Fuel tank Incendiary,NULL,1,NULL,,NULL,NULL,NULL,1,NULL,NULL,NULL,NULL,NULL,NULL,NULL,NULL,NULL,NULL,NULL,NULL,NULL,NULL,NULL,NULL,NULL,NULL,NULL,NULL,NULL,NULL,NULL,NULL,NULL,ff999999,http://maps.google.com/mapfiles/kml/shapes/road_shield3.png,NULL,ff00ccff,NULL,NULL,NULL,NULL,NULL
96383,25244,PTO,00:00.0,19,4,1945,7 AF,USA,NULL,JAPAN,NA HA JIMA,UNIDENTIFIED TARGET,NULL,NULL,NULL,2612,12740,26.2,127.6666667,549 FS,P61,P61,1,1,NULL,1,75,7500,4,500 lb GP (GP-M43/M64),NULL,1,NULL,,NULL,NULL,NULL,,NULL,NULL,NULL,1,NULL,NULL,NULL,NULL,NULL,NULL,NULL,NULL,NULL,NULL,NULL,NULL,NULL,NULL,NULL,NULL,NULL,NULL,NULL,NULL,NULL,NULL,NULL,NULL,NULL,ff999999,http://maps.google.com/mapfiles/kml/shapes/road_shield3.png,NULL,ffff36e7,NULL,NULL,NULL,NULL,NULL
96384,27649,PTO,00:00.0,19,4,1945,7 AF,USA,NULL,VOLCANO AND BONIN ISLANDS,CHICHI JIMA,UNIDENTIFIED TARGET,NULL,NULL,NULL,2704,14213,27.06666667,142.2166667,549 FS,P61,P61,1,1,NULL,1,65,6500,4,500 lb GP (GP-M43/M64),NULL,1,NULL,,NULL,NULL,NULL,,NULL,NULL,NULL,1,NULL,NULL,NULL,NULL,NULL,NULL,NULL,NULL,NULL,NULL,NULL,NULL,NULL,NULL,NULL,NULL,NULL,NULL,NULL,NULL,NULL,NULL,NULL,NULL,NULL,ff999999,http://maps.google.com/mapfiles/kml/shapes/road_shield3.png,NULL,ffff36e7,NULL,NULL,NULL,NULL,NULL
96385,27648,PTO,00:00.0,19,4,1945,7 AF,USA,NULL,VOLCANO AND BONIN ISLANDS,CHICHI JIMA,UNIDENTIFIED TARGET,NULL,NULL,NULL,2704,14213,27.06666667,142.2166667,549 FS,P61,P61,1,1,NULL,1,60,6000,4,500 lb GP (GP-M43/M64),NULL,1,NULL,,NULL,NULL,NULL,,NULL,NULL,NULL,1,NULL,NULL,NULL,NULL,NULL,NULL,NULL,NULL,NULL,NULL,NULL,NULL,NULL,NULL,NULL,NULL,NULL,NULL,NULL,NULL,NULL,NULL,NULL,NULL,NULL,ff999999,http://maps.google.com/mapfiles/kml/shapes/road_shield3.png,NULL,ffff36e7,NULL,NULL,NULL,NULL,NULL
96386,27650,PTO,00:00.0,19,4,1945,7 AF,USA,NULL,VOLCANO AND BONIN ISLANDS,CHICHI JIMA,UNIDENTIFIED TARGET,NULL,NULL,NULL,2704,14213,27.06666667,142.2166667,549 FS,P61,P61,1,1,NULL,1,60,6000,4,500 lb GP (GP-M43/M64),NULL,1,NULL,,NULL,NULL,NULL,,NULL,NULL,NULL,1,NULL,NULL,NULL,NULL,NULL,NULL,NULL,NULL,NULL,NULL,NULL,NULL,NULL,NULL,NULL,NULL,NULL,NULL,NULL,NULL,NULL,NULL,NULL,NULL,NULL,ff999999,http://maps.google.com/mapfiles/kml/shapes/road_shield3.png,NULL,ffff36e7,NULL,NULL,NULL,NULL,NULL
96387,24140,PTO,00:00.0,19,4,1945,7 AF,USA,NULL,,MUKO JIMA,UNIDENTIFIED TARGET,NULL,NULL,NULL,717,15156,7.283333333,151.9333333,549 FS,P61,P61,1,1,NULL,1,60,6000,4,500 lb GP (GP-M43/M64),NULL,1,NULL,,NULL,NULL,NULL,,NULL,NULL,NULL,1,NULL,NULL,NULL,NULL,NULL,NULL,NULL,NULL,NULL,NULL,NULL,NULL,NULL,NULL,NULL,NULL,NULL,NULL,NULL,NULL,NULL,NULL,NULL,NULL,NULL,ff999999,http://maps.google.com/mapfiles/kml/shapes/road_shield3.png,NULL,ffff36e7,NULL,NULL,NULL,NULL,NULL
96388,27971,PTO,00:00.0,19,4,1945,7 AF,USA,NULL,VOLCANO AND BONIN ISLANDS,HAHA JIMA ,WAREHOUSES,NULL,NULL,NULL,2639,14209,26.65,142.15,548 FS,P61,P61,10,1,NULL,1,40,4000,4,500 lb GP (GP-M43/M64),NULL,1,NULL,,NULL,NULL,NULL,,NULL,NULL,NULL,1,NULL,NULL,NULL,NULL,NULL,NULL,NULL,NULL,NULL,NULL,NULL,NULL,NULL,NULL,NULL,NULL,NULL,NULL,NULL,NULL,NULL,NULL,NULL,NULL,NULL,ff999999,http://maps.google.com/mapfiles/kml/shapes/road_shield3.png,NULL,ffff36e7,NULL,NULL,NULL,NULL,NULL
96389,27669,PTO,00:00.0,19,4,1945,7 AF,USA,NULL,VOLCANO AND BONIN ISLANDS,CHICHI JIMA,TOKINOURA TOWN,NULL,NULL,NULL,2704,14213,27.06666667,142.2166667,548 FS,P61,P61,10,1,NULL,1,28,2800,4,500 lb GP (GP-M43/M64),NULL,1,NULL,,NULL,NULL,NULL,,NULL,NULL,NULL,1,NULL,NULL,NULL,NULL,NULL,NULL,NULL,NULL,NULL,NULL,NULL,NULL,NULL,NULL,NULL,NULL,NULL,NULL,NULL,NULL,NULL,NULL,NULL,NULL,NULL,ff999999,http://maps.google.com/mapfiles/kml/shapes/road_shield3.png,NULL,ffff36e7,NULL,NULL,NULL,NULL,NULL
98707,25245,PTO,00:00.0,20,4,1945,7 AF,USA,NULL,JAPAN,NA HA JIMA,UNIDENTIFIED TARGET,NULL,NULL,NULL,2612,12740,26.2,127.6666667,549 FS,P61,P61,1,1,NULL,1,70,7000,4,500 lb GP (GP-M43/M64),NULL,1,NULL,,NULL,NULL,NULL,,NULL,NULL,NULL,1,NULL,NULL,NULL,NULL,NULL,NULL,NULL,NULL,NULL,NULL,NULL,NULL,NULL,NULL,NULL,NULL,NULL,NULL,NULL,NULL,NULL,NULL,NULL,NULL,NULL,ff999999,http://maps.google.com/mapfiles/kml/shapes/road_shield3.png,NULL,ffff36e7,NULL,NULL,NULL,NULL,NULL
99988,52568,CBI,00:00.0,20,4,1945,14 AF,USA,NULL,CHINA,YUANKIANG,UNIDENTIFIED TARGET,NULL,NULL,NULL,2330,10220,23.5,102.3333333,427 D,P61,P61,1,1,NULL,2,20,NULL,NULL,,NULL,NULL,NULL,100 lb Incendiary,NULL,NULL,0,120 lb Frag (6x20 Clusters),NULL,NULL,NULL,NULL,NULL,NULL,NULL,NULL,NULL,NULL,NULL,NULL,NULL,NULL,NULL,NULL,NULL,NULL,NULL,NULL,NULL,NULL,NULL,NULL,NULL,NULL,NULL,NULL,NULL,ff999999,http://maps.google.com/mapfiles/kml/shapes/road_shield3.png,NULL,ffa4b545,NULL,NULL,NULL,NULL,NULL
99989,52572,CBI,00:00.0,20,4,1945,14 AF,USA,NULL,CHINA,YUANLING,UNIDENTIFIED TARGET,NULL,NULL,NULL,2828,11015,28.46666667,110.25,487 D,P61,P61,5,1,NULL,2,15,NULL,NULL,,NULL,NULL,4,500 lb aux fuel tank Incendiary,NULL,1,0,120 lb Frag (6x20 Clusters),NULL,NULL,NULL,1,NULL,NULL,NULL,NULL,NULL,NULL,NULL,NULL,NULL,NULL,NULL,NULL,NULL,NULL,NULL,NULL,NULL,NULL,NULL,NULL,NULL,NULL,NULL,NULL,NULL,ff999999,http://maps.google.com/mapfiles/kml/shapes/road_shield3.png,NULL,ffa4b545,NULL,NULL,NULL,NULL,NULL
99990,31528,CBI,00:00.0,20,4,1945,10 AF,USA,NULL,BURMA,LAIHKA,UNIDENTIFIED TARGET,NULL,NULL,NULL,2116,9740,21.26666667,97.66666667,427 FS,P61,P61,10,1,NULL,2,1,NULL,NULL,,NULL,NULL,3.03030303,660 lb Aux Fuel tank Incendiary,NULL,1,NULL,,NULL,NULL,NULL,1,NULL,NULL,NULL,NULL,NULL,NULL,NULL,NULL,NULL,NULL,NULL,NULL,NULL,NULL,NULL,NULL,NULL,NULL,NULL,NULL,NULL,NULL,NULL,NULL,NULL,ff999999,http://maps.google.com/mapfiles/kml/shapes/road_shield3.png,NULL,ff00ccff,NULL,NULL,NULL,NULL,NULL
108713,21460,PTO,00:00.0,24,4,1945,5 AF,USA,NULL,PHILIPPINE ISLANDS,TUGUEGARAO,UNIDENTIFIED TARGET,NULL,NULL,NULL,1740,12145,17.66666667,121.75,547 FS,P61,P61,10,1,NULL,1,30,3000,4,500 lb GP (GP-M43/M64),NULL,1,NULL,,NULL,NULL,NULL,,NULL,NULL,NULL,1,NULL,NULL,NULL,NULL,NULL,NULL,NULL,NULL,NULL,NULL,NULL,NULL,NULL,NULL,NULL,NULL,NULL,NULL,NULL,NULL,NULL,NULL,NULL,NULL,NULL,ff999999,http://maps.google.com/mapfiles/kml/shapes/road_shield3.png,NULL,ff0000ff,NULL,NULL,NULL,NULL,NULL
113980,49646,CBI,00:00.0,26,4,1945,14 AF,USA,NULL,CHINA,LANGHOKOU,TRUCKS,NULL,NULL,NULL,3232,10725,32.53333333,107.4166667,92 FS,P61,P61,10,1,NULL,1,1,NULL,NULL,,NULL,NULL,NULL,,NULL,NULL,0,69 lb Frag (3x23 Clusters),NULL,NULL,NULL,NULL,NULL,NULL,NULL,NULL,NULL,NULL,NULL,NULL,NULL,NULL,NULL,NULL,NULL,NULL,NULL,NULL,NULL,NULL,NULL,NULL,NULL,NULL,NULL,NULL,NULL,ff999999,http://maps.google.com/mapfiles/kml/shapes/road_shield3.png,NULL,ffa4b545,NULL,NULL,NULL,NULL,NULL
113981,49255,CBI,00:00.0,26,4,1945,14 AF,USA,NULL,CHINA,KIOMEN,UNIDENTIFIED TARGET,NULL,NULL,NULL,3233,11408,32.55,114.1333333,92 FS,P61,P61,10,1,NULL,1,1,NULL,NULL,,NULL,NULL,NULL,,NULL,NULL,0,69 lb Frag (3x23 Clusters),NULL,NULL,NULL,NULL,NULL,NULL,NULL,NULL,NULL,NULL,NULL,NULL,NULL,NULL,NULL,NULL,NULL,NULL,NULL,NULL,NULL,NULL,NULL,NULL,NULL,NULL,NULL,NULL,NULL,ff999999,http://maps.google.com/mapfiles/kml/shapes/road_shield3.png,NULL,ffa4b545,NULL,NULL,NULL,NULL,NULL
114790,15372,PTO,00:00.0,28,4,1945,5 AF,USA,NULL,PHILIPPINE ISLANDS,CABAGAB,VILLAGE,NULL,NULL,NULL,1725,12145,17.41666667,121.75,547 FS,P61,P61,10,1,NULL,1,NULL,0,4,500 lb GP (GP-M43/M64),NULL,1,NULL,,NULL,NULL,NULL,,NULL,NULL,NULL,1,NULL,NULL,NULL,NULL,NULL,NULL,NULL,NULL,NULL,NULL,NULL,NULL,NULL,NULL,NULL,NULL,NULL,NULL,NULL,NULL,NULL,NULL,NULL,NULL,NULL,ff999999,http://maps.google.com/mapfiles/kml/shapes/road_shield3.png,NULL,ff0000ff,NULL,NULL,NULL,NULL,NULL
117311,49678,CBI,00:00.0,1,5,1945,14 AF,USA,NULL,CHINA,LAOHOKOW,TEMPLE,NULL,NULL,NULL,3223,11138,32.38333333,111.6333333,92 FS,P61,P61,5,1,NULL,1,1,NULL,NULL,,NULL,NULL,NULL,,NULL,NULL,0,69 lb Frag (3x23 Clusters),NULL,NULL,NULL,NULL,NULL,NULL,NULL,NULL,NULL,NULL,NULL,NULL,NULL,NULL,NULL,NULL,NULL,NULL,NULL,NULL,NULL,NULL,NULL,NULL,NULL,NULL,NULL,NULL,NULL,ff999999,http://maps.google.com/mapfiles/kml/shapes/road_shield3.png,NULL,ffa4b545,NULL,NULL,NULL,NULL,NULL
117369,17363,PTO,00:00.0,2,5,1945,5 AF,USA,NULL,PHILIPPINE ISLANDS,IPO,DAM,NULL,NULL,NULL,1450,12110,14.83333333,121.1666667,340 FS,P61,P61,10,1,NULL,12,25,2500,NULL,,NULL,NULL,NULL,,NULL,NULL,69.23076923,260 lb Frag,NULL,9,NULL,9,NULL,NULL,NULL,NULL,NULL,NULL,NULL,NULL,NULL,NULL,NULL,NULL,NULL,NULL,NULL,NULL,NULL,NULL,NULL,NULL,NULL,NULL,NULL,NULL,NULL,ff999999,http://maps.google.com/mapfiles/kml/shapes/road_shield3.png,NULL,ff0000ff,NULL,NULL,NULL,NULL,NULL
117768,49665,CBI,00:00.0,2,5,1945,14 AF,USA,NULL,CHINA,LAOHOKOW,TRUCKS,NULL,NULL,NULL,3223,11138,32.38333333,111.6333333,92 FS,P61,P61,10,1,NULL,1,1,NULL,NULL,,NULL,NULL,NULL,,NULL,NULL,0,69 lb Frag (3x23 Clusters),NULL,NULL,NULL,NULL,NULL,NULL,NULL,NULL,NULL,NULL,NULL,NULL,NULL,NULL,NULL,NULL,NULL,NULL,NULL,NULL,NULL,NULL,NULL,NULL,NULL,NULL,NULL,NULL,NULL,ff999999,http://maps.google.com/mapfiles/kml/shapes/road_shield3.png,NULL,ffa4b545,NULL,NULL,NULL,NULL,NULL
117769,48758,CBI,00:00.0,2,5,1945,14 AF,USA,NULL,CHINA,HENGYANG,AIRFIELD,NULL,NULL,NULL,2656,11235,26.93333333,112.5833333,427 FS,P61,P61,10,1,NULL,1,NULL,NULL,NULL,,NULL,NULL,NULL,100 lb Incendiary,NULL,NULL,0,120 lb Frag (6x20 Clusters),NULL,NULL,NULL,NULL,NULL,NULL,NULL,NULL,NULL,NULL,NULL,NULL,NULL,NULL,NULL,NULL,NULL,NULL,NULL,NULL,NULL,NULL,NULL,NULL,NULL,NULL,NULL,NULL,NULL,ff999999,http://maps.google.com/mapfiles/kml/shapes/road_shield3.png,NULL,ffa4b545,NULL,NULL,NULL,NULL,NULL
119308,52247,CBI,00:00.0,5,5,1945,14 AF,USA,NULL,CHINA,WAWUTANG,TROOPS,NULL,NULL,NULL,2701,11021,27.01666667,110.35,427 FS,P61,P61,10,1,NULL,1,10,NULL,NULL,,NULL,NULL,NULL,100 lb Incendiary,NULL,NULL,0,120 lb Frag (6x20 Clusters),NULL,NULL,NULL,NULL,NULL,NULL,NULL,NULL,NULL,NULL,NULL,NULL,NULL,NULL,NULL,NULL,NULL,NULL,NULL,NULL,NULL,NULL,NULL,NULL,NULL,NULL,NULL,NULL,NULL,ff999999,http://maps.google.com/mapfiles/kml/shapes/road_shield3.png,NULL,ffa4b545,NULL,NULL,NULL,NULL,NULL
120110,31758,CBI,00:00.0,7,5,1945,10 AF,USA,NULL,BURMA,LAWKSAWK,BUILDINGS,NULL,NULL,NULL,2115,9652,21.25,96.86666667,427 FS,P61,P61,10,1,NULL,3,NULL,NULL,NULL,,NULL,NULL,6.060606061,660 lb Aux Fuel tank Incendiary,NULL,2,NULL,,NULL,NULL,NULL,2,NULL,NULL,NULL,NULL,NULL,NULL,NULL,NULL,NULL,NULL,NULL,NULL,NULL,NULL,NULL,NULL,NULL,NULL,NULL,NULL,NULL,NULL,NULL,NULL,NULL,ff999999,http://maps.google.com/mapfiles/kml/shapes/road_shield3.png,NULL,ff00ccff,NULL,NULL,NULL,NULL,NULL
120193,29880,CBI,00:00.0,8,5,1945,10 AF,USA,NULL,BURMA,HPA LAI,WOODED AREA,NULL,NULL,NULL,2108,9709,21.13333333,97.15,427 FS,P61,P61,10,1,NULL,3,NULL,NULL,NULL,,NULL,NULL,3.03030303,660 lb Aux Fuel tank Incendiary,NULL,1,NULL,,NULL,NULL,NULL,1,NULL,NULL,NULL,NULL,NULL,NULL,NULL,NULL,NULL,NULL,NULL,NULL,NULL,NULL,NULL,NULL,NULL,NULL,NULL,NULL,NULL,NULL,NULL,NULL,NULL,ff999999,http://maps.google.com/mapfiles/kml/shapes/road_shield3.png,NULL,ff00ccff,NULL,NULL,NULL,NULL,NULL
120590,50802,CBI,00:00.0,9,5,1945,14 AF,USA,NULL,CHINA,PAOCHING,ROADS,NULL,NULL,NULL,2843,10947,28.71666667,109.7833333,427 FS,P61,P61,10,1,NULL,1,15,NULL,NULL,,NULL,NULL,NULL,100 lb Incendiary,NULL,NULL,0,120 lb Frag (6x20 Clusters),NULL,NULL,NULL,NULL,NULL,NULL,NULL,NULL,NULL,NULL,NULL,NULL,NULL,NULL,NULL,NULL,NULL,NULL,NULL,NULL,NULL,NULL,NULL,NULL,NULL,NULL,NULL,NULL,NULL,ff999999,http://maps.google.com/mapfiles/kml/shapes/road_shield3.png,NULL,ffa4b545,NULL,NULL,NULL,NULL,NULL
123488,51153,CBI,00:00.0,16,5,1945,14 AF,USA,NULL,CHINA,SHAYANG,SHIPPING,NULL,NULL,NULL,3042,11238,30.7,112.6333333,427 FS,P61,P61,10,1,NULL,2,1,NULL,NULL,,NULL,NULL,2,1000 lb aux fuel tank Incendiary,NULL,1,5.555555556,360 lb Frag (90x4 Clusters),NULL,1,NULL,2,NULL,NULL,NULL,NULL,NULL,NULL,NULL,NULL,NULL,NULL,NULL,NULL,NULL,NULL,NULL,NULL,NULL,NULL,NULL,NULL,NULL,NULL,NULL,NULL,NULL,ff999999,http://maps.google.com/mapfiles/kml/shapes/road_shield3.png,NULL,ffa4b545,NULL,NULL,NULL,NULL,NULL
123853,2614,PTO,00:00.0,17,5,1945,5 AF,USA,NULL,FORMOSA AND RYUKYU ISLANDS,TAIHOKU,UNIDENTIFIED TARGET,NULL,NULL,NULL,2502,12130,25.03333333,121.5,418 FS,P61,P61,1,1,NULL,1,80,8000,2,1000 lb GP (GP-M44/M65),NULL,1,NULL,,NULL,NULL,NULL,,NULL,NULL,NULL,1,NULL,NULL,NULL,NULL,NULL,NULL,NULL,NULL,NULL,NULL,NULL,NULL,NULL,NULL,NULL,NULL,NULL,NULL,NULL,NULL,NULL,NULL,NULL,NULL,NULL,ff999999,http://maps.google.com/mapfiles/kml/shapes/road_shield3.png,NULL,ff0000ff,NULL,NULL,NULL,NULL,NULL
125451,52668,CBI,00:00.0,21,5,1945,14 AF,USA,NULL,CHINA,33 04 N 112 4,UNIDENTIFIED TARGET,NULL,NULL,NULL,3304,11240,33.06666667,112.6666667,92 FS,P61,P61,10,1,NULL,1,1,100,NULL,,NULL,NULL,NULL,,NULL,NULL,0,69 lb Frag (3x23 Clusters),NULL,NULL,NULL,NULL,NULL,NULL,NULL,NULL,NULL,NULL,NULL,NULL,NULL,NULL,NULL,NULL,NULL,NULL,NULL,NULL,NULL,NULL,NULL,NULL,NULL,NULL,NULL,NULL,NULL,ff999999,http://maps.google.com/mapfiles/kml/shapes/road_shield3.png,NULL,ffa4b545,NULL,NULL,NULL,NULL,NULL
125847,49671,CBI,00:00.0,22,5,1945,14 AF,USA,NULL,CHINA,LAOHOKOW,DOCKS,NULL,NULL,NULL,3223,11138,32.38333333,111.6333333,92 FS,P61,P61,10,1,NULL,1,2,200,NULL,,NULL,NULL,NULL,,NULL,NULL,0,69 lb Frag (3x23 Clusters),NULL,NULL,NULL,NULL,NULL,NULL,NULL,NULL,NULL,NULL,NULL,NULL,NULL,NULL,NULL,NULL,NULL,NULL,NULL,NULL,NULL,NULL,NULL,NULL,NULL,NULL,NULL,NULL,NULL,ff999999,http://maps.google.com/mapfiles/kml/shapes/road_shield3.png,NULL,ffa4b545,NULL,NULL,NULL,NULL,NULL
125848,51527,CBI,00:00.0,22,5,1945,14 AF,USA,NULL,CHINA,SINYANG,UNIDENTIFIED TARGET,NULL,NULL,NULL,3209,11408,32.15,114.1333333,92 FS,P61,P61,10,1,NULL,1,1,100,NULL,,NULL,NULL,NULL,,NULL,NULL,0,69 lb Frag (3x23 Clusters),NULL,NULL,NULL,NULL,NULL,NULL,NULL,NULL,NULL,NULL,NULL,NULL,NULL,NULL,NULL,NULL,NULL,NULL,NULL,NULL,NULL,NULL,NULL,NULL,NULL,NULL,NULL,NULL,NULL,ff999999,http://maps.google.com/mapfiles/kml/shapes/road_shield3.png,NULL,ffa4b545,NULL,NULL,NULL,NULL,NULL
126849,49658,CBI,00:00.0,24,5,1945,14 AF,USA,NULL,CHINA,LAOHOKOW,AREA,NULL,NULL,NULL,3223,11138,32.38333333,111.6333333,92 FS,P61,P61,10,1,NULL,1,1,100,NULL,,NULL,NULL,NULL,,NULL,NULL,0,69 lb Frag (3x23 Clusters),NULL,NULL,NULL,NULL,NULL,NULL,NULL,NULL,NULL,NULL,NULL,NULL,NULL,NULL,NULL,NULL,NULL,NULL,NULL,NULL,NULL,NULL,NULL,NULL,NULL,NULL,NULL,NULL,NULL,ff999999,http://maps.google.com/mapfiles/kml/shapes/road_shield3.png,NULL,ffa4b545,NULL,NULL,NULL,NULL,NULL
127643,49659,CBI,00:00.0,26,5,1945,14 AF,USA,NULL,CHINA,LAOHOKOW,AREA,NULL,NULL,NULL,3223,11138,32.38333333,111.6333333,92 FS,P61,P61,10,1,NULL,1,19,1900,NULL,,NULL,NULL,NULL,,NULL,NULL,0,96 lb Frag (24x4 Clusters),NULL,NULL,NULL,NULL,NULL,NULL,NULL,NULL,NULL,NULL,NULL,NULL,NULL,NULL,NULL,NULL,NULL,NULL,NULL,NULL,NULL,NULL,NULL,NULL,NULL,NULL,NULL,NULL,NULL,ff999999,http://maps.google.com/mapfiles/kml/shapes/road_shield3.png,NULL,ffa4b545,NULL,NULL,NULL,NULL,NULL
128041,52669,CBI,00:00.0,27,5,1945,14 AF,USA,NULL,CHINA,33 04 N 112 4,UNIDENTIFIED TARGET,NULL,NULL,NULL,3304,11240,33.06666667,112.6666667,92 FS,P61,P61,10,1,NULL,1,20,2000,NULL,,NULL,NULL,NULL,,NULL,NULL,0,96 lb Frag (24x4 Clusters),NULL,NULL,NULL,NULL,NULL,NULL,NULL,NULL,NULL,NULL,NULL,NULL,NULL,NULL,NULL,NULL,NULL,NULL,NULL,NULL,NULL,NULL,NULL,NULL,NULL,NULL,NULL,NULL,NULL,ff999999,http://maps.google.com/mapfiles/kml/shapes/road_shield3.png,NULL,ffa4b545,NULL,NULL,NULL,NULL,NULL
130167,15606,PTO,00:00.0,2,6,1945,5 AF,USA,NULL,PHILIPPINE ISLANDS,CAGAYAN VALLEY,UNIDENTIFIED TARGET,NULL,NULL,NULL,1750,12140,17.83333333,121.6666667,421 FS,P61,P61,6,9,NULL,1,1,100,100,,NULL,NULL,NULL,,NULL,NULL,0,69 lb Frag (3x23 Clusters),NULL,NULL,NULL,NULL,NULL,NULL,NULL,NULL,NULL,NULL,NULL,NULL,NULL,NULL,NULL,NULL,NULL,NULL,NULL,NULL,NULL,NULL,NULL,NULL,NULL,NULL,NULL,NULL,NULL,ff999999,http://maps.google.com/mapfiles/kml/shapes/road_shield3.png,NULL,ff0000ff,NULL,NULL,NULL,NULL,NULL
132587,504,PTO,00:00.0,8,6,1945,5 AF,USA,NULL,JAPAN,IBUSUKI,TOWN,NULL,NULL,NULL,3115,13040,31.25,130.6666667,418 FS,P61,P61,1,9,NULL,2,90,9000,4,1000 lb GP (GP-M44/M65),NULL,2,NULL,,NULL,NULL,NULL,,NULL,NULL,NULL,2,NULL,NULL,NULL,NULL,NULL,NULL,NULL,NULL,NULL,NULL,NULL,NULL,NULL,NULL,NULL,NULL,NULL,NULL,NULL,NULL,NULL,NULL,NULL,NULL,NULL,ff999999,http://maps.google.com/mapfiles/kml/shapes/road_shield3.png,NULL,ff0000ff,NULL,NULL,NULL,NULL,NULL
133768,13683,PTO,00:00.0,12,6,1945,5 AF,USA,NULL,PHILIPPINE ISLANDS,AGUIGUICAN,BUILDINGS,NULL,NULL,NULL,1805,12141,18.08333333,121.6833333,418 FS,P61,P61,1,9,NULL,1,3,300,2,1000 lb GP (GP-M44/M65),NULL,1,NULL,,NULL,NULL,NULL,,NULL,NULL,NULL,1,NULL,NULL,NULL,NULL,NULL,NULL,NULL,NULL,NULL,NULL,NULL,NULL,NULL,NULL,NULL,NULL,NULL,NULL,NULL,NULL,NULL,NULL,NULL,NULL,NULL,ff999999,http://maps.google.com/mapfiles/kml/shapes/road_shield3.png,NULL,ff0000ff,NULL,NULL,NULL,NULL,NULL
134550,15607,PTO,00:00.0,14,6,1945,5 AF,USA,NULL,PHILIPPINE ISLANDS,CAGAYAN VALLEY,UNIDENTIFIED TARGET,NULL,NULL,NULL,1750,12140,17.83333333,121.6666667,547 FS,P61,P61,10,9,NULL,3,50,5000,4,500 lb GP (GP-M43/M64),NULL,1,NULL,,NULL,NULL,NULL,,NULL,NULL,NULL,1,NULL,NULL,NULL,NULL,NULL,NULL,NULL,NULL,NULL,NULL,NULL,NULL,NULL,NULL,NULL,NULL,NULL,NULL,NULL,NULL,NULL,NULL,NULL,NULL,NULL,ff999999,http://maps.google.com/mapfiles/kml/shapes/road_shield3.png,NULL,ff0000ff,NULL,NULL,NULL,NULL,NULL
135012,13975,PTO,00:00.0,14,6,1945,5 AF,USA,NULL,PHILIPPINE ISLANDS,APARRI,ANTI AIR CRAFT POSIT,NULL,NULL,NULL,1820,12140,18.33333333,121.6666667,421 FS,P61,P61,6,9,NULL,2,100,10000,NULL,,NULL,NULL,NULL,,NULL,NULL,0,260 lb Frag,NULL,NULL,NULL,NULL,NULL,NULL,NULL,NULL,NULL,NULL,NULL,NULL,NULL,NULL,NULL,NULL,NULL,NULL,NULL,NULL,NULL,NULL,NULL,NULL,NULL,NULL,NULL,NULL,NULL,ff999999,http://maps.google.com/mapfiles/kml/shapes/road_shield3.png,NULL,ff0000ff,NULL,NULL,NULL,NULL,NULL
135013,13972,PTO,00:00.0,14,6,1945,5 AF,USA,NULL,PHILIPPINE ISLANDS,APARRI,TROOP CONCENTRATION,NULL,NULL,NULL,1820,12140,18.33333333,121.6666667,421 FS,P61,P61,6,9,NULL,2,100,10000,NULL,,NULL,NULL,NULL,,NULL,NULL,0,260 lb Frag,NULL,NULL,NULL,NULL,NULL,NULL,NULL,NULL,NULL,NULL,NULL,NULL,NULL,NULL,NULL,NULL,NULL,NULL,NULL,NULL,NULL,NULL,NULL,NULL,NULL,NULL,NULL,NULL,NULL,ff999999,http://maps.google.com/mapfiles/kml/shapes/road_shield3.png,NULL,ff0000ff,NULL,NULL,NULL,NULL,NULL
135054,24753,PTO,00:00.0,15,6,1945,7 AF,USA,NULL,FORMOSA AND RYUKYU ISLANDS,AMAMI,UNIDENTIFIED TARGET,NULL,NULL,NULL,2818,12924,28.3,129.4,548 FS,P61,P61,8,1,NULL,4,40,4000,8,500 lb GP (GP-M43/M64),NULL,2,NULL,,NULL,NULL,NULL,,NULL,NULL,NULL,2,NULL,NULL,NULL,NULL,NULL,NULL,NULL,NULL,NULL,NULL,NULL,NULL,NULL,NULL,NULL,NULL,NULL,NULL,NULL,NULL,NULL,NULL,NULL,NULL,NULL,ff999999,http://maps.google.com/mapfiles/kml/shapes/road_shield3.png,NULL,ffff36e7,NULL,NULL,NULL,NULL,NULL
135066,19917,PTO,00:00.0,15,6,1945,5 AF,USA,NULL,PHILIPPINE ISLANDS,PENABLANCA,ENEMY POSITIONS,NULL,NULL,NULL,1740,12145,17.66666667,121.75,547 FS,P61,P61,10,9,NULL,NULL,NULL,0,4,500 lb GP (GP-M43/M64),NULL,1,NULL,,NULL,NULL,NULL,,NULL,NULL,NULL,1,NULL,NULL,NULL,NULL,NULL,NULL,NULL,NULL,NULL,NULL,NULL,NULL,NULL,NULL,NULL,NULL,NULL,NULL,NULL,NULL,NULL,NULL,NULL,NULL,NULL,ff999999,http://maps.google.com/mapfiles/kml/shapes/road_shield3.png,NULL,ff0000ff,NULL,NULL,NULL,NULL,NULL
135067,19916,PTO,00:00.0,15,6,1945,5 AF,USA,NULL,PHILIPPINE ISLANDS,PENABLANCA,ENEMY POSITIONS,NULL,NULL,NULL,1740,12145,17.66666667,121.75,547 FS,P61,P61,10,9,NULL,7,NULL,0,4,1000 lb GP (GP-M44/M65),NULL,2,NULL,,NULL,NULL,NULL,,NULL,NULL,NULL,2,NULL,NULL,NULL,NULL,NULL,NULL,NULL,NULL,NULL,NULL,NULL,NULL,NULL,NULL,NULL,NULL,NULL,NULL,NULL,NULL,NULL,NULL,NULL,NULL,NULL,ff999999,http://maps.google.com/mapfiles/kml/shapes/road_shield3.png,NULL,ff0000ff,NULL,NULL,NULL,NULL,NULL
135466,24754,PTO,00:00.0,16,6,1945,7 AF,USA,NULL,FORMOSA AND RYUKYU ISLANDS,AMAMI,UNIDENTIFIED TARGET,NULL,NULL,NULL,2818,12924,28.3,129.4,548 FS,P61,P61,8,1,NULL,6,35,3500,8,1000 lb GP (GP-M44/M65),NULL,4,NULL,,NULL,NULL,NULL,,NULL,NULL,NULL,4,NULL,NULL,NULL,NULL,NULL,NULL,NULL,NULL,NULL,NULL,NULL,NULL,NULL,NULL,NULL,NULL,NULL,NULL,NULL,NULL,NULL,NULL,NULL,NULL,NULL,ff999999,http://maps.google.com/mapfiles/kml/shapes/road_shield3.png,NULL,ffff36e7,NULL,NULL,NULL,NULL,NULL
135480,19904,PTO,00:00.0,16,6,1945,5 AF,USA,NULL,PHILIPPINE ISLANDS,PENABLANCA,AREA,NULL,NULL,NULL,1740,12145,17.66666667,121.75,547 FS,P61,P61,1,9,NULL,1,NULL,0,0,500 lb GP (GP-M43/M64),NULL,NULL,NULL,,NULL,NULL,NULL,,NULL,NULL,NULL,NULL,NULL,NULL,NULL,NULL,NULL,NULL,NULL,NULL,NULL,NULL,NULL,NULL,NULL,NULL,NULL,NULL,NULL,NULL,NULL,NULL,NULL,NULL,NULL,NULL,NULL,ff999999,http://maps.google.com/mapfiles/kml/shapes/road_shield3.png,NULL,ff0000ff,NULL,NULL,NULL,NULL,NULL
135481,13702,PTO,00:00.0,16,6,1945,5 AF,USA,NULL,PHILIPPINE ISLANDS,ALCALA,UNIDENTIFIED TARGET,NULL,NULL,NULL,1755,12140,17.91666667,121.6666667,547 FS,P61,P61,1,9,NULL,1,NULL,0,0,500 lb GP (GP-M43/M64),NULL,NULL,NULL,,NULL,NULL,NULL,,NULL,NULL,NULL,4,NULL,NULL,NULL,NULL,NULL,NULL,NULL,NULL,NULL,NULL,NULL,NULL,NULL,NULL,NULL,NULL,NULL,NULL,NULL,NULL,NULL,NULL,NULL,NULL,NULL,ff999999,http://maps.google.com/mapfiles/kml/shapes/road_shield3.png,NULL,ff0000ff,NULL,NULL,NULL,NULL,NULL
135893,1496,PTO,00:00.0,17,6,1945,5 AF,USA,NULL,FORMOSA AND RYUKYU ISLANDS,HEITO,TOWN,NULL,NULL,NULL,2240,12029,22.66666667,120.4833333,547 FS,P61,P61,6,9,NULL,2,NULL,0,4,500 lb GP (GP-M43/M64),NULL,1,NULL,,NULL,NULL,NULL,,NULL,NULL,NULL,1,NULL,NULL,NULL,NULL,NULL,NULL,NULL,NULL,NULL,NULL,NULL,NULL,NULL,NULL,NULL,NULL,NULL,NULL,NULL,NULL,NULL,NULL,NULL,NULL,NULL,ff999999,http://maps.google.com/mapfiles/kml/shapes/road_shield3.png,NULL,ff0000ff,NULL,NULL,NULL,NULL,NULL
135894,13703,PTO,00:00.0,17,6,1945,5 AF,USA,NULL,PHILIPPINE ISLANDS,ALCALA,UNIDENTIFIED TARGET,NULL,NULL,NULL,1755,12140,17.91666667,121.6666667,547 FS,P61,P61,1,9,NULL,1,NULL,0,2,1000 lb GP (GP-M44/M65),NULL,1,NULL,,NULL,NULL,NULL,,NULL,NULL,NULL,1,NULL,NULL,NULL,NULL,NULL,NULL,NULL,NULL,NULL,NULL,NULL,NULL,NULL,NULL,NULL,NULL,NULL,NULL,NULL,NULL,NULL,NULL,NULL,NULL,NULL,ff999999,http://maps.google.com/mapfiles/kml/shapes/road_shield3.png,NULL,ff0000ff,NULL,NULL,NULL,NULL,NULL
135895,13914,PTO,00:00.0,17,6,1945,5 AF,USA,NULL,PHILIPPINE ISLANDS,APARRI,UNIDENTIFIED TARGET,NULL,NULL,NULL,1820,12140,18.33333333,121.6666667,547 FS,P61,P61,1,9,NULL,1,NULL,0,0,500 lb GP (GP-M43/M64),NULL,NULL,NULL,,NULL,NULL,NULL,,NULL,NULL,NULL,4,NULL,NULL,NULL,NULL,NULL,NULL,NULL,NULL,NULL,NULL,NULL,NULL,NULL,NULL,NULL,NULL,NULL,NULL,NULL,NULL,NULL,NULL,NULL,NULL,NULL,ff999999,http://maps.google.com/mapfiles/kml/shapes/road_shield3.png,NULL,ff0000ff,NULL,NULL,NULL,NULL,NULL
136706,3289,CBI,00:00.0,18,6,1945,5 AF,USA,NULL,CHINA,FUSHAN,HUTS,NULL,NULL,NULL,3149,12047,31.81666667,120.7833333,547 FS,P61,P61,10,9,NULL,2,NULL,0,4,500 lb GP (GP-M43/M64),NULL,1,NULL,,NULL,NULL,NULL,,NULL,NULL,NULL,1,NULL,NULL,NULL,NULL,NULL,NULL,NULL,NULL,NULL,NULL,NULL,NULL,NULL,NULL,NULL,NULL,NULL,NULL,NULL,NULL,NULL,NULL,NULL,NULL,NULL,ff999999,http://maps.google.com/mapfiles/kml/shapes/road_shield3.png,NULL,ff0000ff,NULL,NULL,NULL,NULL,NULL
136712,1497,PTO,00:00.0,18,6,1945,5 AF,USA,NULL,FORMOSA AND RYUKYU ISLANDS,HEITO,TOWN,NULL,NULL,NULL,2240,12029,22.66666667,120.4833333,547 FS,P61,P61,6,2,NULL,1,NULL,0,0,500 lb GP (GP-M43/M64),NULL,NULL,NULL,,NULL,NULL,NULL,,NULL,NULL,NULL,NULL,NULL,NULL,NULL,NULL,NULL,NULL,NULL,NULL,NULL,NULL,NULL,NULL,NULL,NULL,NULL,NULL,NULL,NULL,NULL,NULL,NULL,NULL,NULL,NULL,NULL,ff999999,http://maps.google.com/mapfiles/kml/shapes/road_shield3.png,NULL,ff0000ff,NULL,NULL,NULL,NULL,NULL
136713,17848,PTO,00:00.0,18,6,1945,5 AF,USA,NULL,PHILIPPINE ISLANDS,LAL LO,UNIDENTIFIED TARGET,NULL,NULL,NULL,1810,12140,18.16666667,121.6666667,547 FS,P61,P61,1,9,NULL,1,NULL,0,0,500 lb GP (GP-M43/M64),NULL,NULL,NULL,,NULL,NULL,NULL,,NULL,NULL,NULL,NULL,NULL,NULL,NULL,NULL,NULL,NULL,NULL,NULL,NULL,NULL,NULL,NULL,NULL,NULL,NULL,NULL,NULL,NULL,NULL,NULL,NULL,NULL,NULL,NULL,NULL,ff999999,http://maps.google.com/mapfiles/kml/shapes/road_shield3.png,NULL,ff0000ff,NULL,NULL,NULL,NULL,NULL
136714,22329,PTO,00:00.0,18,6,1945,5 AF,USA,NULL,PHILIPPINE ISLANDS,18 07 N 121 4,WOODED AREA,NULL,NULL,NULL,1807,12141,18.11666667,121.6833333,547 FS,P61,P61,1,9,NULL,1,NULL,0,0,500 lb GP (GP-M43/M64),NULL,NULL,NULL,,NULL,NULL,NULL,,NULL,NULL,NULL,NULL,NULL,NULL,NULL,NULL,NULL,NULL,NULL,NULL,NULL,NULL,NULL,NULL,NULL,NULL,NULL,NULL,NULL,NULL,NULL,NULL,NULL,NULL,NULL,NULL,NULL,ff999999,http://maps.google.com/mapfiles/kml/shapes/road_shield3.png,NULL,ff0000ff,NULL,NULL,NULL,NULL,NULL
136797,24756,PTO,00:00.0,19,6,1945,7 AF,USA,NULL,FORMOSA AND RYUKYU ISLANDS,AMAMI,UNIDENTIFIED TARGET,NULL,NULL,NULL,2818,12924,28.3,129.4,548 FS,P61,P61,8,1,NULL,1,40,4000,2,1000 lb GP (GP-M44/M65),NULL,1,NULL,,NULL,NULL,NULL,,NULL,NULL,NULL,1,NULL,NULL,NULL,NULL,NULL,NULL,NULL,NULL,NULL,NULL,NULL,NULL,NULL,NULL,NULL,NULL,NULL,NULL,NULL,NULL,NULL,NULL,NULL,NULL,NULL,ff999999,http://maps.google.com/mapfiles/kml/shapes/road_shield3.png,NULL,ffff36e7,NULL,NULL,NULL,NULL,NULL
138714,24757,PTO,00:00.0,23,6,1945,7 AF,USA,NULL,FORMOSA AND RYUKYU ISLANDS,AMAMI,UNIDENTIFIED TARGET,NULL,NULL,NULL,2818,12924,28.3,129.4,548 FS,P61,P61,10,1,NULL,3,35,3500,6,1000 lb GP (GP-M44/M65),NULL,3,NULL,,NULL,NULL,NULL,,NULL,NULL,NULL,3,NULL,NULL,NULL,NULL,NULL,NULL,NULL,NULL,NULL,NULL,NULL,NULL,NULL,NULL,NULL,NULL,NULL,NULL,NULL,NULL,NULL,NULL,NULL,NULL,NULL,ff999999,http://maps.google.com/mapfiles/kml/shapes/road_shield3.png,NULL,ffff36e7,NULL,NULL,NULL,NULL,NULL
138717,24809,PTO,00:00.0,23,6,1945,7 AF,USA,NULL,JAPAN,SAKISHIMA ISLAND,UNIDENTIFIED TARGET,NULL,NULL,NULL,2424,12412,24.4,124.2,548 FS,P61,P61,10,1,NULL,1,40,4000,2,1000 lb GP (GP-M44/M65),NULL,1,NULL,,NULL,NULL,NULL,,NULL,NULL,NULL,1,NULL,NULL,NULL,NULL,NULL,NULL,NULL,NULL,NULL,NULL,NULL,NULL,NULL,NULL,NULL,NULL,NULL,NULL,NULL,NULL,NULL,NULL,NULL,NULL,NULL,ff999999,http://maps.google.com/mapfiles/kml/shapes/road_shield3.png,NULL,ffff36e7,NULL,NULL,NULL,NULL,NULL
138720,51538,CBI,00:00.0,23,6,1945,14 AF,USA,NULL,CHINA,SINYANG,RAILROAD YARD,NULL,NULL,NULL,3209,11408,32.15,114.1333333,92 FS,P61,P61,10,1,NULL,1,1,100,NULL,,NULL,NULL,NULL,,NULL,NULL,20.83333333,96 lb Frag (24x4 Clusters),NULL,1,NULL,1,NULL,NULL,NULL,NULL,NULL,NULL,NULL,NULL,NULL,NULL,NULL,NULL,NULL,NULL,NULL,NULL,NULL,NULL,NULL,NULL,NULL,NULL,NULL,NULL,NULL,ff999999,http://maps.google.com/mapfiles/kml/shapes/road_shield3.png,NULL,ffa4b545,NULL,NULL,NULL,NULL,NULL
139109,2106,PTO,00:00.0,25,6,1945,5 AF,USA,NULL,FORMOSA AND RYUKYU ISLANDS,MATAAN,REFINERY,NULL,NULL,NULL,2341,12125,23.68333333,121.4166667,547 FS,P61,P61,1,9,NULL,3,1,100,100,,NULL,NULL,4,500 lb aux fuel tank Incendiary,NULL,1,NULL,,NULL,NULL,NULL,1,NULL,NULL,NULL,NULL,NULL,NULL,NULL,NULL,NULL,NULL,NULL,NULL,NULL,NULL,NULL,NULL,NULL,NULL,NULL,NULL,NULL,NULL,NULL,NULL,NULL,ff999999,http://maps.google.com/mapfiles/kml/shapes/road_shield3.png,NULL,ff0000ff,NULL,NULL,NULL,NULL,NULL
139521,1338,PTO,00:00.0,26,6,1945,5 AF,USA,NULL,FORMOSA AND RYUKYU ISLANDS,ENSUIKO,SUGAR REFINERY,NULL,NULL,NULL,2352,12130,23.86666667,121.5,547 FS,P61,P61,1,9,NULL,3,1,100,100,,NULL,NULL,4,500 lb aux fuel tank Incendiary,NULL,1,NULL,,NULL,NULL,NULL,1,NULL,NULL,NULL,NULL,NULL,NULL,NULL,NULL,NULL,NULL,NULL,NULL,NULL,NULL,NULL,NULL,NULL,NULL,NULL,NULL,NULL,NULL,NULL,NULL,NULL,ff999999,http://maps.google.com/mapfiles/kml/shapes/road_shield3.png,NULL,ff0000ff,NULL,NULL,NULL,NULL,NULL
139557,52650,CBI,00:00.0,26,6,1945,14 AF,USA,NULL,CHINA,YUTZE,BRIDGES,NULL,NULL,NULL,3739,11244,37.65,112.7333333,529 FS,P61,P61,1,1,NULL,4,20,2000,8,500 lb GP (GP-M43/M64),NULL,2,NULL,,NULL,NULL,NULL,,NULL,NULL,NULL,8,NULL,NULL,NULL,NULL,NULL,NULL,NULL,NULL,NULL,NULL,NULL,NULL,NULL,NULL,NULL,NULL,NULL,NULL,NULL,NULL,NULL,NULL,NULL,NULL,NULL,ff999999,http://maps.google.com/mapfiles/kml/shapes/road_shield3.png,NULL,ffa4b545,NULL,NULL,NULL,NULL,NULL
139911,24758,PTO,00:00.0,27,6,1945,7 AF,USA,NULL,FORMOSA AND RYUKYU ISLANDS,AMAMI,UNIDENTIFIED TARGET,NULL,NULL,NULL,2818,12924,28.3,129.4,548 FS,P61,P61,8,1,NULL,3,30,3000,6,1000 lb GP (GP-M44/M65),NULL,3,NULL,,NULL,NULL,NULL,,NULL,NULL,NULL,3,NULL,NULL,NULL,NULL,NULL,NULL,NULL,NULL,NULL,NULL,NULL,NULL,NULL,NULL,NULL,NULL,NULL,NULL,NULL,NULL,NULL,NULL,NULL,NULL,NULL,ff999999,http://maps.google.com/mapfiles/kml/shapes/road_shield3.png,NULL,ffff36e7,NULL,NULL,NULL,NULL,NULL
139920,50810,CBI,00:00.0,27,6,1945,14 AF,USA,NULL,CHINA,PEIPING,RAILROAD,NULL,NULL,NULL,3304,11240,33.06666667,112.6666667,92 FS,P61,P61,10,1,NULL,2,1,100,NULL,,NULL,NULL,NULL,,NULL,NULL,0,69 lb Frag (3x23 Clusters),NULL,NULL,NULL,NULL,NULL,NULL,NULL,NULL,NULL,NULL,NULL,NULL,NULL,NULL,NULL,NULL,NULL,NULL,NULL,NULL,NULL,NULL,NULL,NULL,NULL,NULL,NULL,NULL,NULL,ff999999,http://maps.google.com/mapfiles/kml/shapes/road_shield3.png,NULL,ffa4b545,NULL,NULL,NULL,NULL,NULL
139936,2187,PTO,00:00.0,28,6,1945,5 AF,USA,NULL,FORMOSA AND RYUKYU ISLANDS,MANTO,UNIDENTIFIED TARGET,NULL,NULL,NULL,2355,12041,23.91666667,120.6833333,547 FS,P61,P61,8,9,NULL,3,1,100,100,,NULL,NULL,4,500 lb aux fuel tank Incendiary,NULL,1,NULL,,NULL,NULL,NULL,1,NULL,NULL,NULL,NULL,NULL,NULL,NULL,NULL,NULL,NULL,NULL,NULL,NULL,NULL,NULL,NULL,NULL,NULL,NULL,NULL,NULL,NULL,NULL,NULL,NULL,ff999999,http://maps.google.com/mapfiles/kml/shapes/road_shield3.png,NULL,ff0000ff,NULL,NULL,NULL,NULL,NULL
140312,2188,PTO,00:00.0,29,6,1945,5 AF,USA,NULL,FORMOSA AND RYUKYU ISLANDS,MANTO,UNIDENTIFIED TARGET,NULL,NULL,NULL,2355,12041,23.91666667,120.6833333,547 FS,P61,P61,1,9,NULL,2,1,100,100,,NULL,NULL,4,500 lb aux fuel tank Incendiary,NULL,1,NULL,,NULL,NULL,NULL,1,NULL,NULL,NULL,NULL,NULL,NULL,NULL,NULL,NULL,NULL,NULL,NULL,NULL,NULL,NULL,NULL,NULL,NULL,NULL,NULL,NULL,NULL,NULL,NULL,NULL,ff999999,http://maps.google.com/mapfiles/kml/shapes/road_shield3.png,NULL,ff0000ff,NULL,NULL,NULL,NULL,NULL
140361,210,PTO,00:00.0,30,6,1945,5 AF,USA,NULL,FORMOSA AND RYUKYU ISLANDS,ZENDAIHO,UNIDENTIFIED TARGET,NULL,NULL,NULL,2316,12026,23.26666667,120.4333333,547 FS,P61,P61,8,9,NULL,2,1,100,100,,NULL,NULL,4,500 lb aux fuel tank Incendiary,NULL,1,NULL,,NULL,NULL,NULL,1,NULL,NULL,NULL,NULL,NULL,NULL,NULL,NULL,NULL,NULL,NULL,NULL,NULL,NULL,NULL,NULL,NULL,NULL,NULL,NULL,NULL,NULL,NULL,NULL,NULL,ff999999,http://maps.google.com/mapfiles/kml/shapes/road_shield3.png,NULL,ff0000ff,NULL,NULL,NULL,NULL,NULL
140714,24759,PTO,00:00.0,1,7,1945,7 AF,USA,NULL,FORMOSA AND RYUKYU ISLANDS,AMAMI,UNIDENTIFIED TARGET,NULL,NULL,NULL,2818,12924,28.3,129.4,548 FS,P61,P61,10,1,NULL,2,50,5000,4,1000 lb GP (GP-M44/M65),NULL,2,NULL,,NULL,NULL,NULL,,NULL,NULL,NULL,2,NULL,NULL,NULL,NULL,NULL,NULL,NULL,NULL,NULL,NULL,NULL,NULL,NULL,NULL,NULL,NULL,NULL,NULL,NULL,NULL,NULL,NULL,NULL,NULL,NULL,ff999999,http://maps.google.com/mapfiles/kml/shapes/road_shield3.png,NULL,ffff36e7,NULL,NULL,NULL,NULL,NULL
140716,24810,PTO,00:00.0,1,7,1945,7 AF,USA,NULL,JAPAN,SAKISHIMA ISLAND,UNIDENTIFIED TARGET,NULL,NULL,NULL,2424,12412,24.4,124.2,548 FS,P61,P61,10,1,NULL,2,30,3000,4,1000 lb GP (GP-M44/M65),NULL,2,NULL,,NULL,NULL,NULL,,NULL,NULL,NULL,2,NULL,NULL,NULL,NULL,NULL,NULL,NULL,NULL,NULL,NULL,NULL,NULL,NULL,NULL,NULL,NULL,NULL,NULL,NULL,NULL,NULL,NULL,NULL,NULL,NULL,ff999999,http://maps.google.com/mapfiles/kml/shapes/road_shield3.png,NULL,ffff36e7,NULL,NULL,NULL,NULL,NULL
140771,2190,PTO,00:00.0,2,7,1945,5 AF,USA,NULL,FORMOSA AND RYUKYU ISLANDS,NANTO,SUGAR REFINERY,NULL,NULL,NULL,2355,12041,23.91666667,120.6833333,547 FS,P61,P61,1,9,NULL,2,1,100,100,,NULL,NULL,4,500 lb aux fuel tank Incendiary,NULL,1,NULL,,NULL,NULL,NULL,1,NULL,NULL,NULL,NULL,NULL,NULL,NULL,NULL,NULL,NULL,NULL,NULL,NULL,NULL,NULL,NULL,NULL,NULL,NULL,NULL,NULL,NULL,NULL,NULL,NULL,ff999999,http://maps.google.com/mapfiles/kml/shapes/road_shield3.png,NULL,ff0000ff,NULL,NULL,NULL,NULL,NULL
146633,48999,CBI,00:00.0,26,7,1945,14 AF,USA,NULL,CHINA,HSUCHANG,TACTICAL TARGET,NULL,NULL,NULL,3400,11347,34,113.7833333,426 D,P61,P61,5,1,NULL,1,901,901,NULL,,NULL,NULL,NULL,,NULL,NULL,0,69 lb Frag (3x23 Clusters),NULL,NULL,NULL,NULL,NULL,NULL,NULL,NULL,NULL,NULL,NULL,NULL,NULL,NULL,NULL,NULL,NULL,NULL,NULL,NULL,NULL,NULL,NULL,NULL,NULL,NULL,NULL,NULL,NULL,ff999999,http://maps.google.com/mapfiles/kml/shapes/road_shield3.png,NULL,ffa4b545,NULL,NULL,NULL,NULL,NULL
147062,35,PTO,00:00.0,28,7,1945,5 AF,USA,NULL,JAPAN,TOMITAKA,UNIDENTIFIED TARGET,NULL,NULL,NULL,3224,13138,32.4,131.6333333,418 FS,P61,P61,8,9,NULL,1,50,5000,2,1000 lb GP (GP-M44/M65),NULL,1,NULL,,NULL,NULL,NULL,,NULL,NULL,NULL,1,NULL,NULL,NULL,NULL,NULL,NULL,NULL,NULL,NULL,NULL,NULL,NULL,NULL,NULL,NULL,NULL,NULL,NULL,NULL,NULL,NULL,NULL,NULL,NULL,NULL,ff999999,http://maps.google.com/mapfiles/kml/shapes/road_shield3.png,NULL,ff0000ff,NULL,NULL,NULL,NULL,NULL
147433,30,PTO,00:00.0,29,7,1945,5 AF,USA,NULL,JAPAN,MIYAKO JIMA,UNIDENTIFIED TARGET,NULL,NULL,NULL,2446,12520,34.08333333,139.5333333,418 FS,P61,P61,8,9,NULL,1,50,5000,2,1000 lb GP (GP-M44/M65),NULL,1,NULL,,NULL,NULL,NULL,,NULL,NULL,NULL,1,NULL,NULL,NULL,NULL,NULL,NULL,NULL,NULL,NULL,NULL,NULL,NULL,NULL,NULL,NULL,NULL,NULL,NULL,NULL,NULL,NULL,NULL,NULL,NULL,NULL,ff999999,http://maps.google.com/mapfiles/kml/shapes/road_shield3.png,NULL,ff0000ff,NULL,NULL,NULL,NULL,NULL
147874,488,PTO,00:00.0,31,7,1945,5 AF,USA,NULL,JAPAN,CHIHAN,CHIRAN AIRFIELD,NULL,NULL,NULL,3121,13026,31.35,130.4333333,418 FS,P61,P61,8,9,NULL,1,50,5000,2,1000 lb GP (GP-M44/M65),NULL,1,NULL,,NULL,NULL,NULL,,NULL,NULL,NULL,1,NULL,NULL,NULL,NULL,NULL,NULL,NULL,NULL,NULL,NULL,NULL,NULL,NULL,NULL,NULL,NULL,NULL,NULL,NULL,NULL,NULL,NULL,NULL,NULL,NULL,ff999999,http://maps.google.com/mapfiles/kml/shapes/road_shield3.png,NULL,ff0000ff,NULL,NULL,NULL,NULL,NULL
147875,489,PTO,00:00.0,31,7,1945,5 AF,USA,NULL,JAPAN,CHIHAN,CHIRAN AIRFIELD,NULL,NULL,NULL,3121,13026,31.35,130.4333333,418 FS,P61,P61,8,9,NULL,1,10,1000,2,1000 lb GP (GP-M44/M65),NULL,1,NULL,,NULL,NULL,NULL,,NULL,NULL,NULL,1,NULL,NULL,NULL,NULL,NULL,NULL,NULL,NULL,NULL,NULL,NULL,NULL,NULL,NULL,NULL,NULL,NULL,NULL,NULL,NULL,NULL,NULL,NULL,NULL,NULL,ff999999,http://maps.google.com/mapfiles/kml/shapes/road_shield3.png,NULL,ff0000ff,NULL,NULL,NULL,NULL,NULL
147885,555,PTO,00:00.0,31,7,1945,5 AF,USA,NULL,JAPAN,KANOYA,AIR FIELD,NULL,NULL,NULL,3122,13050,31.36666667,130.8333333,418 FS,P61,P61,8,9,NULL,1,15,2,NULL,1000 lb GP (GP-M44/M65),NULL,1,NULL,,NULL,NULL,NULL,,NULL,NULL,NULL,1,NULL,NULL,NULL,NULL,NULL,NULL,NULL,NULL,NULL,NULL,NULL,NULL,NULL,NULL,NULL,NULL,NULL,NULL,NULL,NULL,NULL,NULL,NULL,NULL,NULL,ff999999,http://maps.google.com/mapfiles/kml/shapes/road_shield3.png,NULL,ff0000ff,NULL,NULL,NULL,NULL,NULL
148251,51492,CBI,00:00.0,1,8,1945,14 AF,USA,NULL,CHINA,SINSIANG,RAILROAD YARDS,NULL,NULL,NULL,3519,11353,35.31666667,113.8833333,528 FS,P61,P61,1,1,NULL,1,15,1500,4,500 lb GP (GP-M43/M64),NULL,1,NULL,,NULL,NULL,NULL,,NULL,NULL,NULL,1,NULL,NULL,NULL,NULL,NULL,NULL,NULL,NULL,NULL,NULL,NULL,NULL,NULL,NULL,NULL,NULL,NULL,NULL,NULL,NULL,NULL,NULL,NULL,NULL,NULL,ff999999,http://maps.google.com/mapfiles/kml/shapes/road_shield3.png,NULL,ffa4b545,NULL,NULL,NULL,NULL,NULL
148254,556,PTO,00:00.0,1,8,1945,5 AF,USA,NULL,JAPAN,KANOYA,AIR FIELD,NULL,NULL,NULL,3122,13050,31.36666667,130.8333333,418 FS,P61,P61,8,9,NULL,2,50,5000,2,1000 lb GP (GP-M44/M65),NULL,1,NULL,,NULL,NULL,NULL,,NULL,NULL,NULL,1,NULL,NULL,NULL,NULL,NULL,NULL,NULL,NULL,NULL,NULL,NULL,NULL,NULL,NULL,NULL,NULL,NULL,NULL,NULL,NULL,NULL,NULL,NULL,NULL,NULL,ff999999,http://maps.google.com/mapfiles/kml/shapes/road_shield3.png,NULL,ff0000ff,NULL,NULL,NULL,NULL,NULL
148612,52609,CBI,00:00.0,2,8,1945,14 AF,USA,NULL,CHINA,YUNCHENG,MARSHALLING YARDS,NULL,NULL,NULL,3502,11059,35.03333333,110.9833333,528 FS,P61,P61,1,2,NULL,1,18,1800,4,500 lb GP (GP-M43/M64),NULL,1,NULL,,NULL,NULL,NULL,,NULL,NULL,NULL,1,NULL,NULL,NULL,NULL,NULL,NULL,NULL,NULL,NULL,NULL,NULL,NULL,NULL,NULL,NULL,NULL,NULL,NULL,NULL,NULL,NULL,NULL,NULL,NULL,NULL,ff999999,http://maps.google.com/mapfiles/kml/shapes/road_shield3.png,NULL,ffa4b545,NULL,NULL,NULL,NULL,NULL
148633,52610,CBI,00:00.0,3,8,1945,14 AF,USA,NULL,CHINA,YUNCHENG,MARSHALLING YARDS,NULL,NULL,NULL,3502,11059,35.03333333,110.9833333,528 FS,P61,P61,1,2,NULL,1,18,1800,4,500 lb GP (GP-M43/M64),NULL,1,NULL,,NULL,NULL,NULL,,NULL,NULL,NULL,1,NULL,NULL,NULL,NULL,NULL,NULL,NULL,NULL,NULL,NULL,NULL,NULL,NULL,NULL,NULL,NULL,NULL,NULL,NULL,NULL,NULL,NULL,NULL,NULL,NULL,ff999999,http://maps.google.com/mapfiles/kml/shapes/road_shield3.png,NULL,ffa4b545,NULL,NULL,NULL,NULL,NULL
148664,557,PTO,00:00.0,4,8,1945,5 AF,USA,NULL,JAPAN,KANOYA,AIR FIELD,NULL,NULL,NULL,3122,13050,31.36666667,130.8333333,418 FS,P61,P61,1,9,NULL,2,15,2,NULL,1000 lb GP (GP-M44/M65),NULL,1,NULL,,NULL,NULL,NULL,,NULL,NULL,NULL,1,NULL,NULL,NULL,NULL,NULL,NULL,NULL,NULL,NULL,NULL,NULL,NULL,NULL,NULL,NULL,NULL,NULL,NULL,NULL,NULL,NULL,NULL,NULL,NULL,NULL,ff999999,http://maps.google.com/mapfiles/kml/shapes/road_shield3.png,NULL,ff0000ff,NULL,NULL,NULL,NULL,NULL
149116,3513,CBI,00:00.0,5,8,1945,5 AF,USA,NULL,CHINA,SHANGHAI,UNIDENTIFIED TARGET,NULL,NULL,NULL,3114,12130,31.23333333,121.5,418 FS,P61,P61,8,9,NULL,1,50,5000,2,1000 lb GP (GP-M44/M65),NULL,1,NULL,,NULL,NULL,NULL,,NULL,NULL,NULL,1,NULL,NULL,NULL,NULL,NULL,NULL,NULL,NULL,NULL,NULL,NULL,NULL,NULL,NULL,NULL,NULL,NULL,NULL,NULL,NULL,NULL,NULL,NULL,NULL,NULL,ff999999,http://maps.google.com/mapfiles/kml/shapes/road_shield3.png,NULL,ff0000ff,NULL,NULL,NULL,NULL,NULL
149117,3598,CBI,00:00.0,5,8,1945,5 AF,USA,NULL,CHINA,WOOSUNG,AIRDROME,NULL,NULL,NULL,3145,12130,31.75,121.5,418 FS,P61,P61,8,9,NULL,1,30,3000,2,1000 lb GP (GP-M44/M65),NULL,1,NULL,,NULL,NULL,NULL,,NULL,NULL,NULL,1,NULL,NULL,NULL,NULL,NULL,NULL,NULL,NULL,NULL,NULL,NULL,NULL,NULL,NULL,NULL,NULL,NULL,NULL,NULL,NULL,NULL,NULL,NULL,NULL,NULL,ff999999,http://maps.google.com/mapfiles/kml/shapes/road_shield3.png,NULL,ff0000ff,NULL,NULL,NULL,NULL,NULL
149118,582,PTO,00:00.0,5,8,1945,5 AF,USA,NULL,JAPAN,KUMA GAWA,RAILROAD BRIDGE,NULL,NULL,NULL,3030,13036,30.5,130.6,418 FS,P61,P61,8,9,NULL,1,50,5000,2,1000 lb GP (GP-M44/M65),NULL,1,NULL,,NULL,NULL,NULL,,NULL,NULL,NULL,1,NULL,NULL,NULL,NULL,NULL,NULL,NULL,NULL,NULL,NULL,NULL,NULL,NULL,NULL,NULL,NULL,NULL,NULL,NULL,NULL,NULL,NULL,NULL,NULL,NULL,ff999999,http://maps.google.com/mapfiles/kml/shapes/road_shield3.png,NULL,ff0000ff,NULL,NULL,NULL,NULL,NULL
149199,583,PTO,00:00.0,6,8,1945,5 AF,USA,NULL,JAPAN,KUMA GAWA,RAILROAD BRIDGE,NULL,NULL,NULL,3030,13036,30.5,130.6,418 FS,P61,P61,8,9,NULL,1,NULL,NULL,2,1000 lb GP (GP-M44/M65),NULL,1,NULL,,NULL,NULL,NULL,,NULL,NULL,NULL,1,NULL,NULL,NULL,NULL,NULL,NULL,NULL,NULL,NULL,NULL,NULL,NULL,NULL,NULL,NULL,NULL,NULL,NULL,NULL,NULL,NULL,NULL,NULL,NULL,NULL,ff999999,http://maps.google.com/mapfiles/kml/shapes/road_shield3.png,NULL,ff0000ff,NULL,NULL,NULL,NULL,NULL
149924,598,PTO,00:00.0,8,8,1945,5 AF,USA,NULL,JAPAN,KUMAMOTO,URBAN AREA,NULL,NULL,NULL,3248,13044,32.8,130.7333333,21 FS,P61,P61,1,9,NULL,6,75,7500,12,1000 lb GP (GP-M44/M65),NULL,6,NULL,,NULL,NULL,NULL,,NULL,NULL,NULL,6,NULL,NULL,NULL,NULL,NULL,NULL,NULL,NULL,NULL,NULL,NULL,NULL,NULL,NULL,NULL,NULL,NULL,NULL,NULL,NULL,NULL,NULL,NULL,NULL,NULL,ff999999,http://maps.google.com/mapfiles/kml/shapes/road_shield3.png,NULL,ff0000ff,NULL,NULL,NULL,NULL,NULL
149936,584,PTO,00:00.0,8,8,1945,5 AF,USA,NULL,JAPAN,KUMA GAWA,RAILROAD BRIDGE,NULL,NULL,NULL,3030,13036,30.5,130.6,418 FS,P61,P61,1,9,NULL,3,90,9000,6,1000 lb GP (GP-M44/M65),NULL,3,NULL,,NULL,NULL,NULL,,NULL,NULL,NULL,3,NULL,NULL,NULL,NULL,NULL,NULL,NULL,NULL,NULL,NULL,NULL,NULL,NULL,NULL,NULL,NULL,NULL,NULL,NULL,NULL,NULL,NULL,NULL,NULL,NULL,ff999999,http://maps.google.com/mapfiles/kml/shapes/road_shield3.png,NULL,ff0000ff,NULL,NULL,NULL,NULL,NULL
150302,606,PTO,00:00.0,9,8,1945,5 AF,USA,NULL,JAPAN,KUMAMOTO,AIRFIELD,NULL,NULL,NULL,3248,13044,32.8,130.7333333,21 FS,P61,P61,10,9,NULL,3,80,8000,6,1000 lb GP (GP-M44/M65),NULL,3,NULL,,NULL,NULL,NULL,,NULL,NULL,NULL,3,NULL,NULL,NULL,NULL,NULL,NULL,NULL,NULL,NULL,NULL,NULL,NULL,NULL,NULL,NULL,NULL,NULL,NULL,NULL,NULL,NULL,NULL,NULL,NULL,NULL,ff999999,http://maps.google.com/mapfiles/kml/shapes/road_shield3.png,NULL,ff0000ff,NULL,NULL,NULL,NULL,NULL
150315,30,PTO,00:00.0,9,8,1945,5 AF,USA,NULL,JAPAN,MIYAKONOJO,UNIDENTIFIED TARGET,NULL,NULL,NULL,3144,13104,31.73333333,131.0666667,21 FS,P61,P61,10,3,NULL,1,80,8000,2,1000 lb GP (GP-M44/M65),NULL,1,NULL,,NULL,NULL,NULL,,NULL,NULL,NULL,1,NULL,NULL,NULL,NULL,NULL,NULL,NULL,NULL,NULL,NULL,NULL,NULL,NULL,NULL,NULL,NULL,NULL,NULL,NULL,NULL,NULL,NULL,NULL,NULL,NULL,ff999999,http://maps.google.com/mapfiles/kml/shapes/road_shield3.png,NULL,ff0000ff,NULL,NULL,NULL,NULL,NULL
150332,607,PTO,00:00.0,9,8,1945,5 AF,USA,NULL,JAPAN,KUMAMOTO,AIRFIELD,NULL,NULL,NULL,3248,13044,32.8,130.7333333,418 FS,P61,P61,1,9,NULL,3,20,6,NULL,1000 lb GP (GP-M44/M65),NULL,3,NULL,,NULL,NULL,NULL,,NULL,NULL,NULL,3,NULL,NULL,NULL,NULL,NULL,NULL,NULL,NULL,NULL,NULL,NULL,NULL,NULL,NULL,NULL,NULL,NULL,NULL,NULL,NULL,NULL,NULL,NULL,NULL,NULL,ff999999,http://maps.google.com/mapfiles/kml/shapes/road_shield3.png,NULL,ff0000ff,NULL,NULL,NULL,NULL,NULL
150365,568,PTO,00:00.0,10,8,1945,5 AF,USA,NULL,JAPAN,KANOYA,AIR FIELD,NULL,NULL,NULL,3122,13050,31.36666667,130.8333333,21 FS,P61,P61,1,9,NULL,NULL,70,7000,8,500 lb GP (GP-M43/M64),NULL,2,NULL,,NULL,NULL,NULL,,NULL,NULL,NULL,2,NULL,NULL,NULL,NULL,NULL,NULL,NULL,NULL,NULL,NULL,NULL,NULL,NULL,NULL,NULL,NULL,NULL,NULL,NULL,NULL,NULL,NULL,NULL,NULL,NULL,ff999999,http://maps.google.com/mapfiles/kml/shapes/road_shield3.png,NULL,ff0000ff,NULL,NULL,NULL,NULL,NULL
150373,566,PTO,00:00.0,10,8,1945,5 AF,USA,NULL,JAPAN,KANOYA,AIR FIELD,NULL,NULL,NULL,3122,13050,31.36666667,130.8333333,21 FS,P61,P61,1,9,NULL,2,70,7000,4,1000 lb GP (GP-M44/M65),NULL,2,NULL,,NULL,NULL,NULL,,NULL,NULL,NULL,2,NULL,NULL,NULL,NULL,NULL,NULL,NULL,NULL,NULL,NULL,NULL,NULL,NULL,NULL,NULL,NULL,NULL,NULL,NULL,NULL,NULL,NULL,NULL,NULL,NULL,ff999999,http://maps.google.com/mapfiles/kml/shapes/road_shield3.png,NULL,ff0000ff,NULL,NULL,NULL,NULL,NULL
150374,559,PTO,00:00.0,10,8,1945,5 AF,USA,NULL,JAPAN,KANOYA,AIR FIELD,NULL,NULL,NULL,3122,13050,31.36666667,130.8333333,418 FS,P61,P61,8,9,NULL,2,70,7000,4,1000 lb GP (GP-M44/M65),NULL,2,NULL,,NULL,NULL,NULL,,NULL,NULL,NULL,2,NULL,NULL,NULL,NULL,NULL,NULL,NULL,NULL,NULL,NULL,NULL,NULL,NULL,NULL,NULL,NULL,NULL,NULL,NULL,NULL,NULL,NULL,NULL,NULL,NULL,ff999999,http://maps.google.com/mapfiles/kml/shapes/road_shield3.png,NULL,ff0000ff,NULL,NULL,NULL,NULL,NULL
150375,596,PTO,00:00.0,10,8,1945,5 AF,USA,NULL,JAPAN,KUMA GAWA,RAILROAD BRIDGE,NULL,NULL,NULL,3030,13036,30.5,130.6,418 FS,P61,P61,1,9,NULL,2,60,6000,4,1000 lb GP (GP-M44/M65),NULL,2,NULL,,NULL,NULL,NULL,,NULL,NULL,NULL,2,NULL,NULL,NULL,NULL,NULL,NULL,NULL,NULL,NULL,NULL,NULL,NULL,NULL,NULL,NULL,NULL,NULL,NULL,NULL,NULL,NULL,NULL,NULL,NULL,NULL,ff999999,http://maps.google.com/mapfiles/kml/shapes/road_shield3.png,NULL,ff0000ff,NULL,NULL,NULL,NULL,NULL
150377,567,PTO,00:00.0,10,8,1945,5 AF,USA,NULL,JAPAN,KANOYA,AIR FIELD,NULL,NULL,NULL,3122,13050,31.36666667,130.8333333,21 FS,P61,P61,1,9,NULL,4,70,7000,2,1000 lb GP (GP-M44/M65),NULL,1,NULL,,NULL,NULL,NULL,,NULL,NULL,NULL,1,NULL,NULL,NULL,NULL,NULL,NULL,NULL,NULL,NULL,NULL,NULL,NULL,NULL,NULL,NULL,NULL,NULL,NULL,NULL,NULL,NULL,NULL,NULL,NULL,NULL,ff999999,http://maps.google.com/mapfiles/kml/shapes/road_shield3.png,NULL,ff0000ff,NULL,NULL,NULL,NULL,NULL
150378,558,PTO,00:00.0,10,8,1945,5 AF,USA,NULL,JAPAN,KANOYA,AIR FIELD,NULL,NULL,NULL,3122,13050,31.36666667,130.8333333,418 FS,P61,P61,8,9,NULL,1,30,3000,2,1000 lb GP (GP-M44/M65),NULL,1,NULL,,NULL,NULL,NULL,,NULL,NULL,NULL,1,NULL,NULL,NULL,NULL,NULL,NULL,NULL,NULL,NULL,NULL,NULL,NULL,NULL,NULL,NULL,NULL,NULL,NULL,NULL,NULL,NULL,NULL,NULL,NULL,NULL,ff999999,http://maps.google.com/mapfiles/kml/shapes/road_shield3.png,NULL,ff0000ff,NULL,NULL,NULL,NULL,NULL
150760,563,PTO,00:00.0,11,8,1945,5 AF,USA,NULL,JAPAN,KANOYA,AIR FIELD,NULL,NULL,NULL,3122,13050,31.36666667,130.8333333,418 FS,P61,P61,10,9,NULL,6,30,3000,12,1000 lb GP (GP-M44/M65),NULL,6,NULL,,NULL,NULL,NULL,,NULL,NULL,NULL,6,NULL,NULL,NULL,NULL,NULL,NULL,NULL,NULL,NULL,NULL,NULL,NULL,NULL,NULL,NULL,NULL,NULL,NULL,NULL,NULL,NULL,NULL,NULL,NULL,NULL,ff999999,http://maps.google.com/mapfiles/kml/shapes/road_shield3.png,NULL,ff0000ff,NULL,NULL,NULL,NULL,NULL
150771,561,PTO,00:00.0,11,8,1945,5 AF,USA,NULL,JAPAN,KANOYA,AIR FIELD,NULL,NULL,NULL,3122,13050,31.36666667,130.8333333,418 FS,P61,P61,10,9,NULL,3,70,7000,6,1000 lb GP (GP-M44/M65),NULL,3,NULL,,NULL,NULL,NULL,,NULL,NULL,NULL,3,NULL,NULL,NULL,NULL,NULL,NULL,NULL,NULL,NULL,NULL,NULL,NULL,NULL,NULL,NULL,NULL,NULL,NULL,NULL,NULL,NULL,NULL,NULL,NULL,NULL,ff999999,http://maps.google.com/mapfiles/kml/shapes/road_shield3.png,NULL,ff0000ff,NULL,NULL,NULL,NULL,NULL
150774,569,PTO,00:00.0,11,8,1945,5 AF,USA,NULL,JAPAN,KANOYA,AIR FIELD,NULL,NULL,NULL,3122,13050,31.36666667,130.8333333,421 FS,P61,P61,1,9,NULL,2,80,8000,4,1000 lb GP (GP-M44/M65),NULL,2,NULL,,NULL,NULL,NULL,,NULL,NULL,NULL,2,NULL,NULL,NULL,NULL,NULL,NULL,NULL,NULL,NULL,NULL,NULL,NULL,NULL,NULL,NULL,NULL,NULL,NULL,NULL,NULL,NULL,NULL,NULL,NULL,NULL,ff999999,http://maps.google.com/mapfiles/kml/shapes/road_shield3.png,NULL,ff0000ff,NULL,NULL,NULL,NULL,NULL
150775,562,PTO,00:00.0,11,8,1945,5 AF,USA,NULL,JAPAN,KANOYA,AIR FIELD,NULL,NULL,NULL,3122,13050,31.36666667,130.8333333,418 FS,P61,P61,1,9,NULL,2,45,4500,4,1000 lb GP (GP-M44/M65),NULL,2,NULL,,NULL,NULL,NULL,,NULL,NULL,NULL,2,NULL,NULL,NULL,NULL,NULL,NULL,NULL,NULL,NULL,NULL,NULL,NULL,NULL,NULL,NULL,NULL,NULL,NULL,NULL,NULL,NULL,NULL,NULL,NULL,NULL,ff999999,http://maps.google.com/mapfiles/kml/shapes/road_shield3.png,NULL,ff0000ff,NULL,NULL,NULL,NULL,NULL
150777,560,PTO,00:00.0,11,8,1945,5 AF,USA,NULL,JAPAN,KANOYA,AIR FIELD,NULL,NULL,NULL,3122,13050,31.36666667,130.8333333,418 FS,P61,P61,10,9,NULL,1,30,3000,2,1000 lb GP (GP-M44/M65),NULL,1,NULL,,NULL,NULL,NULL,,NULL,NULL,NULL,1,NULL,NULL,NULL,NULL,NULL,NULL,NULL,NULL,NULL,NULL,NULL,NULL,NULL,NULL,NULL,NULL,NULL,NULL,NULL,NULL,NULL,NULL,NULL,NULL,NULL,ff999999,http://maps.google.com/mapfiles/kml/shapes/road_shield3.png,NULL,ff0000ff,NULL,NULL,NULL,NULL,NULL
151118,608,PTO,00:00.0,12,8,1945,5 AF,USA,NULL,JAPAN,KUMAMOTO,AIRFIELD,NULL,NULL,NULL,3248,13044,32.8,130.7333333,421 FS,P61,P61,1,9,NULL,4,100,10000,8,500 lb GP (GP-M43/M64),NULL,2,NULL,,NULL,NULL,NULL,,NULL,NULL,NULL,2,NULL,NULL,NULL,NULL,NULL,NULL,NULL,NULL,NULL,NULL,NULL,NULL,NULL,NULL,NULL,NULL,NULL,NULL,NULL,NULL,NULL,NULL,NULL,NULL,NULL,ff999999,http://maps.google.com/mapfiles/kml/shapes/road_shield3.png,NULL,ff0000ff,NULL,NULL,NULL,NULL,NULL
151130,564,PTO,00:00.0,12,8,1945,5 AF,USA,NULL,JAPAN,KANOYA,AIR FIELD,NULL,NULL,NULL,3122,13050,31.36666667,130.8333333,418 FS,P61,P61,10,9,NULL,3,60,6000,6,1000 lb GP (GP-M44/M65),NULL,3,NULL,,NULL,NULL,NULL,,NULL,NULL,NULL,3,NULL,NULL,NULL,NULL,NULL,NULL,NULL,NULL,NULL,NULL,NULL,NULL,NULL,NULL,NULL,NULL,NULL,NULL,NULL,NULL,NULL,NULL,NULL,NULL,NULL,ff999999,http://maps.google.com/mapfiles/kml/shapes/road_shield3.png,NULL,ff0000ff,NULL,NULL,NULL,NULL,NULL
151132,565,PTO,00:00.0,12,8,1945,5 AF,USA,NULL,JAPAN,KANOYA,AIR FIELD,NULL,NULL,NULL,3122,13050,31.36666667,130.8333333,418 FS,P61,P61,10,9,NULL,2,45,4500,4,1000 lb GP (GP-M44/M65),NULL,2,NULL,,NULL,NULL,NULL,,NULL,NULL,NULL,2,NULL,NULL,NULL,NULL,NULL,NULL,NULL,NULL,NULL,NULL,NULL,NULL,NULL,NULL,NULL,NULL,NULL,NULL,NULL,NULL,NULL,NULL,NULL,NULL,NULL,ff999999,http://maps.google.com/mapfiles/kml/shapes/road_shield3.png,NULL,ff0000ff,NULL,NULL,NULL,NULL,NULL
173914,38174,CBI,00:00.0,23,7,1944,10 AF,USA,NULL,BURMA,SZIGAHTAWNG,TOWN,NULL,NULL,NULL,2501,9629,25.01666667,96.48333333,529 FS,P61,P61,1,1,NULL,8,25,2500,16,250 lb GP (GP-M57),NULL,2,NULL,,NULL,NULL,NULL,,NULL,NULL,NULL,2,NULL,NULL,NULL,NULL,NULL,NULL,NULL,NULL,NULL,NULL,NULL,NULL,NULL,NULL,NULL,NULL,NULL,NULL,NULL,NULL,NULL,NULL,NULL,NULL,NULL,ff999999,http://maps.google.com/mapfiles/kml/shapes/road_shield3.png,NULL,ff00ccff,NULL,NULL,NULL,NULL,NULL
